question_processed,cluster
can you explain to me what is the covid19,about
i was in contact with a person who had coronavirus what should i do ,about
may i know what is corona,about
my employer has fired me because of covid19 what should i do,about
my kids are anxious about covud19  what shall i tell them,about
what is a vaccin becoming available,about
what is corona,about
what is corona virus,about
what is corona virus and covid19,about
what is coronavirus,about
what is coronavirus ,about
what is cover,about
what is covi,about
what is covid,about
what is covid 19,about
what is covid 29,about
what is covid1,about
what is covid19,about
what is covid19 ,about
what is covid19 virus,about
what is covid19s definition,about
what is covid19what is covid19,about
what is covid2019,about
what is the best way to curate information about covid19,about
what is the best way to self diagnose covid19 ,about
what is the coronavirus,about
what is the covid,about
what is the covid19,about
what is the impact of covid 19 on warehouses,about
what is the impact that covid19 has in the economy,about
what is the meaning of covid19,about
what is the origin of covid19,about
what is the relationship between covid19 and other lung diseases,about
what is the status of covid19,about
what should be peoples actions for surviving covid19 ,about
what should i eat or drink to avoid or to battle covid19,about
what si coronavirus,about
whats a waiting time to get covid19 results,about
whats considered to be a fever to worry about is anything above 37 centigrade something to worry about ,about
whats corona,about
whats corona virus,about
whats covid19,about
whats covid19 ,about
whats is covid19,about
whats the current state of covid,about
whats the data on first and second trimester of pregnancy,about
whats the time period of detecting coronavirus,about
are masks efficient to prevent the one wearing from getting infected what about infecting others,caution
do i need to take precautions when picking up the mail ,caution
do we need to prevent touching packing of fooddoes corona virus lie on packing  and on clothes ,caution
does washing clothes in the  washing machine prevent transmission  ,caution
does wearing mask protect me from covid 19,caution
hello i am social distancing and taking precautions however i have to share a communal sink i try to stay as safe as possible by cleaning it but i have touched the knobs with my bare hands without thinking can germs spread this way should i avoid the sink in general thank you ,caution
how can i help to prevent spread of corona virus,caution
how can i prevent myself from getting sick,caution
how can i prevent to get infected,caution
how can i protect ,caution
how can i protect myself,caution
how can i protect myself ,caution
how can i protect myself from the covid19,caution
how can i protect myself if i need to go to the market,caution
how do i keep my family safe ,caution
how protect myself,caution
how should i keep my family safe during covid19,caution
how to prevent ,caution
how to prevent the spread of covid19,caution
how to protect from covid19,caution
how to protect my family from covid19,caution
how to protect myself from it ,caution
how to protect myself on a plane,caution
i am a 62yearold female currently in excellent health i have had a history of chronic bronchitis and pneumonia but its been over a decade since my last issue i have two adult children who may have to move back home how do i protect myself against what they my bring home,caution
if i contract the virus does wearing a mask prevent others getting infected,caution
is it safe to travel in domestic flight with precautions,caution
is washing my hands really the best way to prevent transmission,caution
my employer is not implementing social distancing or safety measures in my workplace what recourse do i have,caution
my sisterinlaw is pregnant and lives in a house with extended family where one member is isolated due to possible contact with someone with covid19 are the risks for pregnant woman higher how can she protect,caution
precautions to measure ,caution
what are the ways to prevent coronavirus,caution
what can i do to prevent myself from contracting coronavirus,caution
what can i do to prevent myself from getting covid19,caution
what can i take to prevent coronavirus,caution
what can we do to protect ourselves from covid19,caution
what is the best way to protect yourself from covid19,caution
what is the difference between a pandemic  epidemic why did who declare this a pandemic what is the difference between social distancing selfisolating and quarantine to what extent is social distancing helpful why should i do this when should you selfisolate will the virus be less effective when we get warmer weather  when should i go to the hospital should i get tested if i was in contact with someone who has or is suspected of having covid19 but do not have any symptoms should i stop taking medications that suppress my immune system  when someone in the household is coming and going for work how can we keep the home a safe place can the virus be transmitted through air conditioning from outside or from within the home how long does the virus last on inanimate objects plastic glass cardboard metal what have we learned from countries like china south korea and singapore that have been dealing with this for a longer period of time and have slowed the spread,caution
what is the most effective way to protect your self from this virus ,caution
what kind of protective gear do i need to wear,caution
what precautions should i take at the supermarket,caution
what precautions should i take while shopping for groceries should i wear a mask andor gloves do i need to disinfect the items i buy ,caution
what precautions should i take with things delivered at home,caution
what precautions should pregnant women take on top of everyone else,caution
what shall i do if i have to go out to buy things to protect myself from corona virus,caution
where can i buy protective masks,caution
would it help to ensure there is a warehouse already filled with protective gear for health professionals worldwide instead of scrambling or ordering these last minute and also have enough hospitals built because if we dont do that well have to do what china did and build a hospital at the last minute,caution
after how much time clothes or packets can be out of risk from spreading virus ,dangerisk
are babies at high risk ,dangerisk
are patients with sarcoidosis more at risk of dying from covid19,dangerisk
are pregnant women at high risks,dangerisk
are there any risk for the foetus ,dangerisk
do pregnant women have a higher risk factor,dangerisk
how at risk are young people with immunodeficiencies,dangerisk
how dangerous is it,dangerisk
how dangerous is it for me,dangerisk
how dangerous is the cov19,dangerisk
how dangerous is the virus,dangerisk
how dangerous it is for pregnant womens,dangerisk
how to reduce the risk,dangerisk
i am 24 years old what is my risk of having severe symptoms of the virus  ,dangerisk
i had an asthma attack when i was young but didnt have an episode for over 15 years am i still at risk,dangerisk
i live with a smoker  am i at high risk for covid19,dangerisk
im 8 months pregnant m i hight risk,dangerisk
is covid very dangerous,dangerisk
is covid19 dangerous,dangerisk
is it dangerous to go for a walk,dangerisk
is it dangerous to order on line,dangerisk
is it dangerous to travel,dangerisk
is the virus dangerous,dangerisk
ive had a mild case of pneumonia before im 30 years old am i at any additional risk ,dangerisk
my fatherinlaw is more at risk because of his age should my motherinlaw be the one to get groceries or should we do it for them to lower the risk of my motherinlaw being a transporter of the virus,dangerisk
someone from quarantaine came to my office and stayed 20min is it a risk,dangerisk
what  of young people under 50 hospitalized with covid19 have underlying health conditions that put them at a higher risk of having a more severe form of the illness ,dangerisk
what are the risk factors for covid19,dangerisk
what are the risks for a person between 20 and 40 years old with asthma,dangerisk
what are the risks for people with diabetes ,dangerisk
what are the risks for someone aged 65,dangerisk
what are the risks to pregnancy in week 12,dangerisk
what is my level of risk,dangerisk
what is the risk for a pregnant women,dangerisk
what is the risk for a pregnent woman ,dangerisk
what is the risk for an asthmatic ,dangerisk
what mesures needs to take a pregnant women to reduce the risk,dangerisk
whats the risk for pregnant health care workers,dangerisk
who is at risk,dangerisk
who is at risk of dying after contracting the virus,dangerisk
who is most at risk ,dangerisk
why corona is so dangerous ,dangerisk
how can i distinguish an itchy throat due to covid19 to the one due to potential acid reflux caused by high levels of stress and anxiety,diff
how can you distinguish between a flu and covid19,diff
how do i distinguish between the flu and coronavirus,diff
how long will it last,future
how long will the crisis last,future
how long will the pandemic last,future
is there an estimate as to how long the crisis will last,future
when it will end,future
when this all will be over,future
when this will ever end ,future
when will be done,future
when will covid end,future
when will covid end ,future
when will it be over,future
when will it get over,future
when will the pandemic end,future
when will the pandemic end ,future
when will this be over,future
when will this end,future
when will this end ,future
when will this will get back to normal,future
 my wife gave birth two days ago at the jewish general hospital now that we are home we are home is it safe to get our 3 year old from my sisters house or should we quarantine ourselves for 14 days,guideme
after recovering from the virus if you catch it again can you still spread it even if you dont show symptoms because your body knows how to fight it,guideme
am i immune if i already got covid19,guideme
am i safe to go out if i am under 20 years old,guideme
are there different degrees of severeness of the virus,guideme
can i be contagious even if i dont have symptoms ,guideme
can i get corona if i recover from it ,guideme
can i get covid19 again if i already was infected with it,guideme
can i get ovid 19 if someone pets my dog and then i pet her ,guideme
can i get tested if i dont have any symptoms,guideme
can i go for a walk outside in my neighborhood if i am voluntary isolation ,guideme
can i go out after recovery even if i am still in quarantine time,guideme
can i infect someone if i dont have symptoms,guideme
can i move in with family if we have all been symptom free for 14 days,guideme
can i still go out for grocery shopping even if im just getting back from vacations,guideme
can i travel to see my relatives in a different town,guideme
can you see friends if you stick to the social distancing guidelines,guideme
difference between the flu and the virus,guideme
do i need to get tested if i dont have a fever,guideme
do i need to get tested if i just have a sore throat,guideme
do i need to stay away from my family members if were all social distancing together in the house,guideme
do i qualify for cerb if i only lost one of my two jobs,guideme
do kids show symptoms if they get covid 19,guideme
doeas the software is automatic in english because i use an english device if i ask in french the answer will be in french,guideme
does it feel just like flu or is it different,guideme
hat should i do if my 2 year old child starts having a runny nose,guideme
hi i am wondering if small business owners are eligible for some kind of benefit from,guideme
hi im wondering if i need to isolate,guideme
how are the symptoms different then the cold or flu,guideme
how can i differ between covid and normal flu ,guideme
how can i find out if im an asymptomatic carrier,guideme
how can i get tested if im asymptomatic,guideme
how can i know if any of the financial packages released by the government apply to me,guideme
how can i make the difference between a cold and covid19,guideme
how can i tell if my lungs are not functioning well,guideme
how do i avoid getting family members sick if im sick from covid19,guideme
how do i buy groceries if i am in self quarintine,guideme
how do i know if i am affected,guideme
how do i know if i am following the rules of social distancing correctly,guideme
how do i know if i am infected by new coronavirus,guideme
how do i know if im asymptomatic despite having contracted the coronavirus ,guideme
how do i know if im infected,guideme
how do i know if im symptomfree ,guideme
how do i know if my chest is hurt because lung damage or another cause,guideme
how do i know if my cough is serious,guideme
how do you differentiate between covid19 and the flu,guideme
how do you know if you are sick,guideme
how does it manifest in the human system,guideme
how effective is the new drug manufactured by fujifilm toyama chemicals in treating covid19,guideme
how is this virus different from other flulike viruses,guideme
how long am i contagious if i get covid19 ,guideme
how long are you contagious if you have coronavirus,guideme
how long will i be sick if i get the virus,guideme
how often should you be going to do groceries in person if you cant do delivery ,guideme
how painful will it be if i got the virus,guideme
how to differentiate between coronavirus and simple flu,guideme
how to know if i get covid19 or not,guideme
i am 43 whats the chance of my survival if i get covid ,guideme
i work in a mall and just found out another employee in a different store is a possibly infected should i be worried ,guideme
i would like clarifications about the fact that test results dont work if you dont have symptoms that does not seem like a commonality we usually see with tests like this,guideme
if grocerie stores close what will i eat,guideme
if i am starting to breath heavily should i get it checked out,guideme
if i catch the virus once can i catch it a second time,guideme
if i catch the virus will i be immune from getting it again   ,guideme
if i cross someone on the street how are the chance to catch the virus ,guideme
if i do not have systoms could i still have the virus ,guideme
if i do not show syntoms can i still be tested,guideme
if i experience symptoms but they are manageable should i still go to the hospital for testing,guideme
if i feel stressed can i start feeling symptoms without having coronavirus,guideme
if i finished radiation and chemotherapy 2 months ago and i considered more susceptible to catching covid19 ,guideme
if i fully recover from covid19 would i still be considered a carrier and transmit the virus,guideme
if i inhale a high concentration of soap bubbles would that kill the virus on contact in my lungs,guideme
if i touched a contaminated surface and rub my eyes  can i get infected ,guideme
if i traveled from vancouver to quebec city do i need to quaratine  ,guideme
if i was traveling abroad recently what should i do when coming back home,guideme
if im below the age of 30 will i notice symptoms if im sick,guideme
if im exposed to a person whose children still work but in laval  an area that hasnt yet seen a case should i be really worried,guideme
if im in selfquarantine with mild symptoms of some sort of respiratory thing when can i stop selfquarantining,guideme
if im sneezing should i get tested for corona virus,guideme
if infected should i just rest at home for 14 days and ill be okay ,guideme
if my dog is infected where do i take him to get him help,guideme
if my son if suppose to get tested tomorrow but just starting to feel better can i cancel or should we still go,guideme
if my spouse was in contact with someone who is covid19 positive do i need to quarantine myself too do i need to get tested,guideme
if one member of a household is tested positive does he or she have to be quarantined outside their home or in a separate room the household members might already have gotten it already but are stoll,guideme
if someone had pneumonia before are they more at risk,guideme
if someone was infected once can they be reinfected can they still carry the virus and infect others,guideme
if there any possibility to get infected if i did not have any contact with someone infected ,guideme
if this is really deep learning how deep is your model,guideme
if you are a fireman and have been sick do you need to be tested before going back to work ,guideme
if you are a fireman and have had the coronavirus when should you go back to work,guideme
if you contract covid19 how do you treat yourself at home,guideme
if you get it once will you not get it once again,guideme
if you recover from the virus can you still be a carrier ,guideme
if you start showing flu symptoms should you consult a doctor or stay home,guideme
is it possible to get covid if i am missing my children,guideme
is it possible to have covid19 if you only have one of the symptoms,guideme
is it worth getting assessed if my symptoms are not severe,guideme
is there a difference between washing hands in warm and cold water,guideme
is there a different varient of virus which is spreading across the world,guideme
is there a specific hospitalclinic i should go to if my symptoms are too severe for me to stay at home ,guideme
is there a test to see if you have antibodies for the virus,guideme
my head hurts my body aches a little and i feel a cold coming how do i know if this is covid19 or just an ordinary cold,guideme
my wife gave birth two days ago at the jewish general hospital now that we are home we ,guideme
pouvez vous me répondre en français sinon je suis parfaitement bilingue je travaille dans lindustrie de solutions technologie and it would be my pleasure to help this project any way i can jennifer charron at workday canada from montreal ,guideme
should he self isolate when he gets here even if he feels well,guideme
should i be worried about getting sick if the government does not lock down everything,guideme
should i call to find out more its the coughing and difficulty breathing and fatigue that worries me,guideme
should i go to the er or my physician directly if im infected,guideme
what are differences in term of symptoms between the new coronavirus and normal flu cod,guideme
what are the differences between the flu and covid19,guideme
what are the risks if i go to the supermarket,guideme
what are the symptoms i should feel if i am infected with corona virus,guideme
what do i do if 811 says to stay home with my symptoms but i feel its bad enough to be seen in person can i show up to the er do i call 911 ,guideme
what do i do if i suspect im infected,guideme
what do i do if someone with covid19 spotted,guideme
what if i am having anxiety or stress ,guideme
what if i got fever,guideme
what if i returned from international travel a day before the advisory came into effect,guideme
what if just have a mild sore throat ,guideme
what is the difference between a bacteria and a virus,guideme
what is the difference between covid19 and coronavirus ,guideme
what is the difference between influenza and the coronavirus,guideme
what is the halflife of coronavirus,guideme
what is the life of covid19 virus,guideme
what is the likelihood of having covid if only showing one symptoms for example dry cough,guideme
what measures can i take if someone i know is effected with the virus,guideme
what range is the fever at normally if covid19 suspected,guideme
what shall i do if i cant find sanitizer to buy in stores,guideme
what should i do if a family member is quarantined,guideme
what should i do if i am infected ,guideme
what should i do if i am short of breath,guideme
what should i do if i dont feel any symptoms,guideme
what should i do if i start coughing,guideme
what should i do if i start feeling sick with similar symptoms as in covid19,guideme
what should i do if i think i infected by corona virus,guideme
what should i do if i think that im infected ,guideme
what should i do if im feeling any of the symptoms,guideme
what should we do if we have fever now,guideme
what should you do if you dont have water and soap and sanitizer,guideme
what the different between corona and covid_19,guideme
what to do if i am infected ,guideme
whats the difference between covid19 and cold,guideme
whats the difference between covid19 and coronavirus,guideme
whats the point of asking you questions if you dont have answers,guideme
whats the timeline of the appearance of different symptoms,guideme
when will life get back to normal,guideme
when will the municipalities post heat maps to identify hot spots for covid positive residents,guideme
when will we know if the school year is cancelled,guideme
where do i go if i feel i am affected,guideme
where should i go if i am sick,guideme
who can i make the difference between a cold and covid19,guideme
whom should i consult if i feel i am affected,guideme
why isnt canada making people get tested if they show signs of covid after travelling within canada ,guideme
will covid19 mutate to a different more virulent strain,guideme
will the hospital let me die if there are no ventilators left and a younger person needs it too can we share it,guideme
would it help eradicate viruses immediately if we put in place proper healthcare systems throughout every country rich or poor and to also have enough health professionals worldwide in place who will immediately recognize if there is a contagious virus in their city to eradicate it before it spreads,guideme
would using heatedvapor humidifier help with sanitizing the sinuses of the covid19,guideme
how long does the incubation period last,incubation
how long does this virus incubate ,incubation
how long is incubation period ,incubation
is the severity of disease dependent on incubation period ,incubation
is the virus infectious during incubation period,incubation
what are symptoms in the incubation period,incubation
what is the incubation period ,incubation
what is the incubation period for covid19,incubation
what is the incubation period of covid19,incubation
what is the incubation time of covid19 by age,incubation
what is the incubation time of the virus,incubation
what is the longest known asymptomatic incubation period,incubation
what is the period of incubation,incubation
whats the incubation period ,incubation
whats the incubation period of the covid19 virus,incubation
am i infected,infection
are covid19 outcomes worse for those who are infected and suffer from asthma ,infection
are there any anticipated long term effects postinfection,infection
can antibiotics deal with viral infection,infection
can i be coughing without fever and be infected,infection
can i get infected after i healed from it,infection
can i get infected from a newspaper,infection
can i get infected from food or grocery delivery,infection
can i get the virus from breathing infected airborn particules,infection
can my dog be infected with it,infection
can you get be infected more than once ,infection
does everyone infected need a respirator,infection
eyes infection is correlated,infection
for a healthy youngmiddleaged adult to get infected but recover by hisher own what would be the possibility to have his or her lung permenantly damaged,infection
from the infected worldwide population what will be the ratio of asymptomatic people,infection
how covid19 virus infected,infection
how do people get infected with coronavirus,infection
how i can get infected,infection
how i can isolate infectedquarantined family member at home where kids and other family members share common space,infection
how likely will i get reinfected,infection
how long does it last once infected ,infection
how long does it take for an infected person to show symptoms ,infection
how long does it take for you to feel symptoms once you are infected,infection
how long until an infected person shows symptoms,infection
how many are infected in brossard,infection
how many days does it take for the infection rates to double,infection
how many infected person in south korea,infection
how to avoid this infection,infection
how to deal with disinfection of day to day use objects,infection
how to help a friend that is infected,infection
how to take care of infected people ,infection
i feel tired often at home am i infected,infection
i need to take a blood test is there a large risk for infection,infection
i think i am infected what do i do,infection
im coughing because of postnasal drip and i travelled in the last 14 days could i be infected,infection
is it possible to be infected again,infection
is it true that in fine we will all get infected at some point with this novel strand of the coronavirus,infection
is there a correlation between exposure time and the severity of a covid19 infection,infection
is there any possibility of infected corona virus second time,infection
is there any possibility of infected corona virus twice second time,infection
my throat is tingling am i infected,infection
on a recent study published in nature it says that the severity of symptoms of covid19 infection depends on how much is your angiotensin converting enzyme 2 gene is expressed my question is on what factors does the rate of ace2 gene expression depends i,infection
once recovered can i be infected with corona again,infection
what are the best ways to discourage covid19 infection,infection
what are the demographics of people infected hospitalized and deceased in quebec ,infection
what are the survival rate by age brackets for those infected,infection
what are the symptoms of covid19 by day of infection,infection
what can i do to improve my chances of recovery before i get infected,infection
what is the current rate of infection,infection
what is the current situation of covid19 infections,infection
what is the estimated population that will be infected by the covid19 virus,infection
what is the rate of infection spread,infection
what rate of infection is projected in quebec what percentage of the population will contract covid19,infection
whats my risk of being infected,infection
which country infected  ,infection
can i hug my kids while social distancing,isolation
can i leave my pet with a family member or is that against the premise of social distancing,isolation
can i meet with my neighbours who have been in isolation for 14 days,isolation
how long do we need social distanciation for the virus to be less of a threat ,isolation
how long should we try to maintain social distancing,isolation
how long will it take before we can stop social distancing,isolation
how long will social distancing measures last,isolation
how many days should i isolate for,isolation
how much longer will society need to socially isolate,isolation
how to prepare for isolation,isolation
i feel lonely from isolation,isolation
is it safe for seniors to go out for a walk or inside shopping malls which are quite isolated these days,isolation
is it safe to go outside for a walk social distancing from others,isolation
should i practice social distancing ,isolation
we are an essential service business i am looking for direction from health authorities to help determine a protocol to determine when an employee should self isolate based on living with or coming into contact with people who are ill or suspected of having covid 19,isolation
what are the impacts of not respecting social distancing,isolation
what is self isolation,isolation
what is selfisolation,isolation
what is social distancing,isolation
when should i end self isolation,isolation
when will the social distancing end and what is the economic consequent of the pandemic,isolation
who needs to be isolated,isolation
who needs to isolate,isolation
why is social distancing important,isolation
will nhs workers be even more isolated because they are exposed to the virus on a daily basis,isolation
will social distancing slow the spread of covid19,isolation
after my 14 days isolation can go out for a walk can i visit my grand sons of 6 years old and 13 months,lockdown
am i allowed to go for a walk,lockdown
am i allowed to go outside,lockdown
am i allowed to go outside for joggins,lockdown
are vet clinics still open,lockdown
can i go for a run does runningexercise compromise my immune system ,lockdown
can i go for a walk,lockdown
can i go for walking ,lockdown
can i go outside and take a walk without getting the virus,lockdown
can i go to the supermarket,lockdown
can i start seeing close family after a 14 day confinement,lockdown
can i walk on the street during outbreak,lockdown
can my family and i take walks around the block,lockdown
can you go for a walk even though everyone is being told to stay home,lockdown
could stores open a few hours a week for the elderly ,lockdown
does delivery is still open,lockdown
how long do you think we will have to be in a lockdown ,lockdown
how many days since switzerland closed schools,lockdown
i  take daily walks but keep a 6 ft distance when i talk to someone is that ok,lockdown
i am having trouble breathing should i go to the hospital,lockdown
i am in self isolation   is it ok to let in family members who must continue to go to work,lockdown
i got tested and it came back negative can i go back outside and go for a run,lockdown
is it ok for me to take a daily walk in the neighborhood residential area,lockdown
is it ok i go out for a walk alone,lockdown
is it ok to go for a walk  ,lockdown
is it ok to go outside to get fresh air,lockdown
is my school in montreal closed,lockdown
is the grocery open,lockdown
is the liquor store open,lockdown
lets say i go for a walk and i wear the same leggings a few times before washing them can clothing potentially pass on the virus  ,lockdown
ppl are still going out to walk out dogs and get some groceries what is transmission situation when in grocery store gas pump  avoiding using cash can help ,lockdown
should i go out for a walk in the park everyday,lockdown
should i go to the hospital,lockdown
should you go on dates indoors and outdoors in montreal right now ,lockdown
when can i go to my cabin,lockdown
when do i go to the emergency room when should i stay at home to deal with fluvirus like symptoms ,lockdown
when lockdown will be stopped,lockdown
when should i go to the er,lockdown
when should i go to the hospital,lockdown
when should i go to the hospital ,lockdown
when will it be ok to go outside,lockdown
where can i find the closest testing facility,lockdown
where can i go for a test in montreal,lockdown
where can i go to get tested,lockdown
where is the closest testing facility to me,lockdown
where is the closest testing site,lockdown
where should i go for a covid19 screening test ,lockdown
where should i go to get tested for the virus,lockdown
can i drink alcohol if i have coronavirus,nextsteps
can i have gastro intestinal symptoms with covid19 ,nextsteps
do i have a covid or is it just a cold,nextsteps
do i have covid,nextsteps
do i have covid 19,nextsteps
do i have covid19,nextsteps
do i have the virus,nextsteps
do i have to ask a sclerotic question about traveling or something to get an answer ,nextsteps
do i have to clean my groceries,nextsteps
do i have to take a test 14 days after being infected to know im fully recovered ,nextsteps
do i have to wash my grocery after buying them,nextsteps
do i need to selfisolate not leave the house or interact with other people in the house if i have a cold even if i have none of the listed symptoms of coronavirus ,nextsteps
how am i supposed to work while i have two young children at home,nextsteps
how can i know if i have corona,nextsteps
how do i know i have covid,nextsteps
how do i know i have covid19,nextsteps
how do i know if i have been infected,nextsteps
how do i know if i have coronavirus,nextsteps
how do i know if i have covid,nextsteps
how do i know if i have covid19,nextsteps
how do i know if i have covid19 or not ,nextsteps
how do i know if i have it ,nextsteps
how do i know if i have the corona virus,nextsteps
how do i know if i have the covid19,nextsteps
how do i know if i have the flu or coronavirus,nextsteps
how do i know if i haver coronavirus,nextsteps
how do i know that i have the virus and not just the flu ,nextsteps
how i can test if i have the diease,nextsteps
how long do i have stay in isolation ,nextsteps
how long do i have to stay at home,nextsteps
how long should i stay home if i have symptoms,nextsteps
how to know if i have corona,nextsteps
how to see a doctor if i have symptoms,nextsteps
i am coughing but i dont have fever could i have covid19,nextsteps
i am coughing so you think i have coronavirus,nextsteps
i am having difficulty of breathing do i have coronavirus,nextsteps
i do not have a fever but i have a cough and it all suddenly started after a day of chest pain do i have covid19,nextsteps
i feel i have fever what should i do,nextsteps
i have a bit of nausea and headache do i have covid19,nextsteps
i have a cough should i go to the emergency ,nextsteps
i have a cough what should i do,nextsteps
i have a dry cough but no fever should i get tested,nextsteps
i have a fever how do i know if its covid19 or the flu,nextsteps
i have a fever what should i do,nextsteps
i have a fever what should i do now,nextsteps
i have a headache and an itchy throat am i at risk ,nextsteps
i have a headache for the past 3 days should i be tested  ,nextsteps
i have a lot of stress regarding covid19,nextsteps
i have a mild fever do i have the coronavirus,nextsteps
i have a sore throat,nextsteps
i have a sore throat could that be covid19,nextsteps
i have a sore throat do i have the virus ,nextsteps
i have a sore throat is that a sign of covid19,nextsteps
i have a sore throat is that an early symptom,nextsteps
i have a sore throat what do i do,nextsteps
i have a sore throat what other symptoms should i be waiting for before getting tested,nextsteps
i have asthma how at risk am i about the possibility of complications,nextsteps
i have been temporary laid due to covid19 will my benefits continue,nextsteps
i have cold for couple of weeks have cough over night and regular mucous during day and night feel a bit hot but not fever that can be feel sometimes ear pain for infection some times get stressed on having corona does any of these symptoms suggest that i have quarantined myself for over 10 days  ,nextsteps
i have cough does that mean i might be infected,nextsteps
i have difficulty breathing which hospital should i go to,nextsteps
i have fever 38c is that corona virus symptoms,nextsteps
i have fever should i go out,nextsteps
i have fever what i should do,nextsteps
i have fever what should i do ,nextsteps
i have had a sore throat for 8 days should i worry,nextsteps
i have hashimotos hypothyroiditis am i more at risk i also had a pe due to fvleiden and oral contraceptives in 2001what do you recommend i do,nextsteps
i have headache is it normal,nextsteps
i have huge blood in my excreta this morning,nextsteps
i have shock about one month ago what can be it,nextsteps
i have shortness of breath but no fever,nextsteps
i have some headeche,nextsteps
i have some symptoms what should i do,nextsteps
i have symptoms should i go to the hospital,nextsteps
i have temperature what should i do,nextsteps
i have throat ,nextsteps
i havent lost sense of smell do i have covid19,nextsteps
i lost my sense of smell does this mean i have coronavirus,nextsteps
i lost my sense of taste does this mean i have coronavirus,nextsteps
i take public transit and work in a call center for a bank my employer expects me to come in even though i have symptoms isnt anybody with symptoms instructed to selfisolate for 14 days,nextsteps
i think i have a fever what do i do,nextsteps
i think i have coronavirus should i go to the emergency,nextsteps
i think i have covid,nextsteps
i think i have fever what should i do,nextsteps
if i get sick but it seems like a cold how long do i have to wait after feeling better to see other people,nextsteps
if i have a fever does it mean i have covid ,nextsteps
if i have covid19 how long will i be contagious,nextsteps
if i have diabetes am i at a higher risk ,nextsteps
if i have flu like symptoms at what point should i go to the hospital,nextsteps
if i have symptoms and i am told to stay home can i take tylenol,nextsteps
if i have symptoms should i go to the er or should i call a doctor,nextsteps
if i think i have symptoms of covid19 should i go to the emergency room ,nextsteps
if my tempreture is over 39 can i assume that i have covid19 ,nextsteps
if there are kids around me do i have to worry if they are infected and i do not know,nextsteps
im coughing what is the chance i have corpnavirus,nextsteps
im feeling dizzy with fever do i have corona ,nextsteps
in grocery store if someone coughs in the corridor in front of me lets say in distance of 3 meters how long doni have to avoid that area and do i need to do it,nextsteps
is it best to stay at home if i have symptoms ,nextsteps
it is possible that i have covid19 only if experience only a few symptoms,nextsteps
my throat get dry and sometimes i have to take long breaths ,nextsteps
should i get checked if i have been out of the country,nextsteps
should i use asprin with i have the coronavirus,nextsteps
so i have been having a weird feeling around my throatneck region my question is am i supposed to be worried or go get tested,nextsteps
what are are my chances of dying if i have the covid 19 virus ,nextsteps
what do i do if i have a cough,nextsteps
what do i do if i have a fever,nextsteps
what do i do if i have symptoms,nextsteps
what do i have to expect after the disease,nextsteps
what follow up can i do when i have symptoms,nextsteps
what if i have a cough and no fever ,nextsteps
what if i have cough ,nextsteps
what is the nearest hospital to go to if i have a covid19,nextsteps
what kinds of drugs can i take now i have advil and tylenol flu,nextsteps
what should i do if i have coronavirus symptoms,nextsteps
what should i do if i have fever,nextsteps
what should i do if i have symptoms,nextsteps
what should i do if i have the virus,nextsteps
what should i do if i think i have covid19,nextsteps
what to do if i think i have covid 19,nextsteps
what type of drugs may i take if i have covid19,nextsteps
where can i go to be tested if i have symptoms ,nextsteps
where do i go if i have mild symptoms,nextsteps
who should i tell if i think i have covid19,nextsteps
will i die if i have covid19,nextsteps
how did it started,past
where did covid19 started,past
where did it start,past
how does it take to recover from the virus,recover
how does ventilator helps recovery,recover
how long does it take an average person to recover,recover
how long does it take to recover,recover
how long does recovery take on average,recover
how many days it takes to recover,recover
how quickly can the global economy recover from this event,recover
is it true that you can get the virus again even after youve recovered ,recover
once you get the virus and recover from it are you still contagious for others  are you immune to it,recover
what are the long term health consequences after you recover  ,recover
will i be able to transmit after recovering,recover
will i be immune after recovering,recover
will quitting smoking help my chances of recovery,recover
age wise statistics for covid19,statistics
are smokers at increased risk of death if exposed to the virus,statistics
are there confirmed cases in my neighborhood ,statistics
covid19 cases in my neighbourhood are riding what do i do,statistics
hey how many cases of covid infections in the world ,statistics
how deadly is the virus,statistics
how deadly is the virus ,statistics
how many asymptomatic people are there likely to be,statistics
how many cases,statistics
how many cases are in quebec now  ,statistics
how many cases are in spain ,statistics
how many cases are in the us,statistics
how many cases are there in canada,statistics
how many cases are there in the us,statistics
how many cases are there in washington state,statistics
how many cases in canada now  ,statistics
how many cases in india,statistics
how many cases in montreal,statistics
how many cases in montreal ,statistics
how many cases in quebec,statistics
how many cases in quebec ,statistics
how many cases in quebec granby there is ,statistics
how many cases in quebec per million people,statistics
how many cases of coronavirus in madagascar,statistics
how many cases of covid 19 are declared in quebec as of today,statistics
how many cases of covid are there in italy,statistics
how many cases of covid in laval,statistics
how many cases of the coronavirus are there in montreal,statistics
how many confirmed cases in ontario now,statistics
how many covid cases are in quebec,statistics
how many covid19 related deaths have there been in montreal,statistics
how many death in italy,statistics
how many death in quebec,statistics
how many death now,statistics
how many deaths are in italy as of march 21,statistics
how many new cases,statistics
how many new cases per day in canada,statistics
how many people are infected in australia currently,statistics
how many people are infected in lithuania,statistics
how many people are infected in quebec,statistics
how many people are infected in toronto,statistics
how many people are sick with covid19 in chile ,statistics
how many people die for cover,statistics
how many people died,statistics
how many people died in belgium,statistics
how many people died in canada,statistics
how many people died in nyc,statistics
how many people died so far,statistics
how many people have died,statistics
how many people have died in the us,statistics
how many people have dies,statistics
how many people have it in my town,statistics
how many people how has covid19,statistics
how many people in america,statistics
how many people positive result with covid19,statistics
how many people positive with covid19 in the world,statistics
how many people related covid19,statistics
how many people tested,statistics
how mild are most cases,statistics
is covid19 deadly,statistics
is the virus deadly,statistics
mortality rate today,statistics
number of cases in inida,statistics
show me the cumulative cases chart for canada,statistics
total death toll,statistics
were there documented cases before january 2020,statistics
what are the daily death rates in italy that are not from covid19,statistics
what are you doing to plan for a surge in covid19 cases,statistics
what is the average age of people who died because of covid19,statistics
what is the cause of death in this pandamic,statistics
what is the current covid19 confirmed cases trend for canada,statistics
what is the current number of cases in quebec,statistics
what is the death rate for pregnant women ,statistics
what is the death rate in south carolina,statistics
what is the death rate of covid19,statistics
what is the death rate of the new corona virus,statistics
what is the mortality rate,statistics
what is the number of covid19 cases in the wold,statistics
what is the total number of deaths ,statistics
what lesson will be learn from this pendemic for future more deadly ones,statistics
what was the total number of deaths before and after the virus,statistics
whats the death rate for healthy us 37 year old males,statistics
where can i find most up to date numbers on cases and deaths,statistics
why are death rates so different across countries,statistics
why do they continue to ask me if i travelled when 40 of cases are now community acquired it seems that they are dismissing me even though i could be positive,statistics
why germany has a low death rate,statistics
 when should i consult after the vomitting symptoms for a 4 yo child ,symptom
are a loss of taste and smell symptoms of covid19,symptom
are covid symptoms linked to the strength of the immune system,symptom
are itchy eyes a symptom of covid 19,symptom
are my symptoms anxiety or covid 19,symptom
can i be assymptomatic and have covid,symptom
can we be contagious when we dont show symptoms,symptom
can you please tell me symptoms of corona virus,symptom
covid symptoms,symptom
covid19 symptons,symptom
day by day symptoms,symptom
describe the symptoms of covid,symptom
describe the symptoms of covid 19,symptom
do the symptoms start suddenly or they progress slowly from one day to another ,symptom
does a throat feel itchy or really sore and a symptom ,symptom
does covid 19 cause stomach issues,symptom
does my neighbour have covid19 symptoms,symptom
does quebec health public system have the capacity to fight this covid19 outbreak ,symptom
does taking high doses of vitamin c and d help fighting the disease as an immune system booster is there any study on that,symptom
does the amount of virus one is exposed to change the severity of the symptoms,symptom
how do i tell symptoms apart between a normal flu and the covid19 flu,symptom
how does covid19 affect asymptomatic peoples lungs ,symptom
how does it die in asymptomatic people,symptom
how long after being asymptomatic are you no longer contagious ,symptom
how long before symptoms start to show ,symptom
how long before the symptoms to coronavirus appear,symptom
how long can the virus be active in asymptomatic patients,symptom
how long can you be asymptomatic and have covid19,symptom
how long do the symptoms last,symptom
how long do the symptoms of covid19 last for,symptom
how long does it take for symptoms to appear,symptom
how long does it take for the patient to show symtoms,symptom
how long does it takes to get first symptom of covid19 ,symptom
how long last the symptoms of covid19 ,symptom
how many days can you be contagious without showing symptoms,symptom
how many days does it take to see the symptoms,symptom
how much time it takes to show the symptoms for corona virus,symptom
i am feeling itchy around my body is it a symptom of covid ,symptom
i currently have a newborn baby boy at home which puts me in a very sensitive situation i am worried about his wellbeing as doctors tell me it takes at least 3 months for newborns to begin developing a proper immune system at the same time i am grateful to be able to work essential service not healthcare and support my new family through these hard times what is your recommendation,symptom
i feel dizzy is this a symptom of coronavirus,symptom
i feel i am affected are there symptoms through which i can confirm sitting at home ,symptom
i feel like a small ball in my throat is this a symptom,symptom
i got the flu two weeks ago and are getting symptoms again,symptom
is a cough but no fever a symptom,symptom
is a lower than usual temperature a potential symptom,symptom
is a runny nose a covid19 symptom,symptom
is coughing phlem a symptom,symptom
is coughing with a headache a symptom,symptom
is fever a symptom of coronavirus ,symptom
is fever the main symptom for vivid19,symptom
is headache a symptom of covid19,symptom
is headache a symptom of this pandemic ,symptom
is migraines a symptom,symptom
is missing the smelling one of the symptoms,symptom
is sore throat a symptom,symptom
is sore throat a symptom of covid19,symptom
is sore throats a symptom ,symptom
is that a symptom,symptom
is the asymptomatic carrier a temporary status ,symptom
is vomiting one of the symptoms,symptom
ive have mild cough and not the continuous one and symptoms of fever like burning eyes but not the temperature what do i do,symptom
my body is warm from inside and sometimes outside ,symptom
my throat is hurting is this a symptom of coronavirus,symptom
symptom,symptom
symptom of corona,symptom
symptomms,symptom
symptoms,symptom
symptoms of corona,symptom
symptoms of covid ,symptom
symptoms of covid19,symptom
symptômes covid,symptom
what are corona virus symptoms,symptom
what are cov19 symptoms,symptom
what are covid 19 symptoms,symptom
what are covid symptoms,symptom
what are covid symptoms at early stage,symptom
what are covid symptons,symptom
what are covid19 symptoms,symptom
what are de symptoms of coronavirus,symptom
what are he covid symptoms,symptom
what are symptoms,symptom
what are symptoms ,symptom
what are symptoms of covid19,symptom
what are symptoms of covid19 ,symptom
what are the 3 symptoms of covid19,symptom
what are the confirmed symptoms of covid19,symptom
what are the coronavirus symptoms,symptom
what are the covid simptons,symptom
what are the covid19 symptoms ,symptom
what are the early symptoms,symptom
what are the early symptoms of covid19,symptom
what are the first symptoms ,symptom
what are the main symptoms,symptom
what are the main symptoms of coronavirus,symptom
what are the main synptoms,symptom
what are the minor symptoms that may not seem as though it is covid19 but in fact are,symptom
what are the most common covid19 symptoms ,symptom
what are the most common symptoms in covid19,symptom
what are the most common symptoms of covid19,symptom
what are the real symptoms of covid19 ,symptom
what are the sympthoms of covid19,symptom
what are the symptom,symptom
what are the symptom for covid19,symptom
what are the symptome ,symptom
what are the symptoms,symptom
what are the symptoms ,symptom
what are the symptoms  ,symptom
what are the symptoms for corona virus,symptom
what are the symptoms for covid19,symptom
what are the symptoms for covid19 ,symptom
what are the symptoms i should look out for ,symptom
what are the symptoms in children,symptom
what are the symptoms in kids,symptom
what are the symptoms is vomiting one of them ,symptom
what are the symptoms of corona,symptom
what are the symptoms of corona virus,symptom
what are the symptoms of corona virus ,symptom
what are the symptoms of coronavirus,symptom
what are the symptoms of covid19,symptom
what are the symptoms of sarscov2,symptom
what are the symptoms of the corina virus ,symptom
what are the symptoms of the covid19,symptom
what are the symptoms of vivid 19,symptom
what are the symptomys od covi19 ,symptom
what are the symtoms,symptom
what are the synthoms,symptom
what are the syptoms,symptom
what are the top symptoms ,symptom
what are you symtoms of covid ,symptom
what exactly are the breathing symptoms associated with covid19,symptom
what is an asymptomatic carrier,symptom
what is most usual symptom of covid19 ,symptom
what is the covid19 symptoms ,symptom
what is the covıd19s symptoms ,symptom
what is the first symptom of covid,symptom
what is the first symptom of covid ,symptom
what is the first symptom of the virus,symptom
what is the main symptoms of the disease related to new coronavirus,symptom
what is the symptoms,symptom
what symptoms should prompt me to get checked,symptom
what symptoms you have,symptom
whatbare the symptoms,symptom
when do symptoms like short breath shows up,symptom
when having covid19 what are the next possible symptoms for a 4 years old child,symptom
which are its first symptoms,symptom
which are the sintoms,symptom
wich are covid19 synthoms,symptom
are tests for covid19 available in alberta how do i schedule a test,test
are the testing facilities safe,test
back from a trip in nicaragua 13 days ago  my 16yo daughter has a major sore throat  called the covid  yesterday they do not recommend the test yet  her throat is swollen and in pain  besides adviltylenolgagle with salt and waterwhat to do,test
can i access a testing center without a car,test
can you tell where i can get tested,test
do i need to get tested,test
does covid19 test anonymous,test
even though we do not have any symptoms can we still get tested ,test
given that the mild symptoms for covid19 may resemble the common cold at what point in the expression of symptoms should you attempt to get tested for the virus,test
how can i get a covid 19 test,test
how can i get a test,test
how can i get tested,test
how can i get tested ,test
how can i test for covid19,test
how do i get tested,test
how do i know when to get tested,test
how do you test for covid19,test
how fast can i obtain my covid19 test results ,test
how long after testing do you receive your covid19 results ,test
how long does it take to get your test results,test
how long does it take to have results of the virus test,test
how long does it take to receive test results,test
how many tests are run per day in the us ,test
how much is it to get tested for covid,test
how will quebec make test centres accessible to people who cannot drive and are not allowed to take public transport or taxis,test
i am having sore throat cold cough temperature is not stable continuously increases and decreases so do i need to go for a test,test
i got a light fever but no other symptoms should i get tested,test
i was very sick with covid symptoms in late february and still coughing  should i go get tested,test
i would like to get covid19 test where can i get it,test
in the us why has the defense production act not been invoked to allow weekly  testing of every single person present in the united states  yes this is on the scale of industrialization of the ww2 era and yes that is exactly what the defense production act is for,test
is quebec providing testing for people that have not travelled or been in contact with a confirmed caseto the extent of their knowledge but have a fever and cough,test
is the test covered in in cihip,test
is there a selftest to determine the possibility at an earlier stage,test
is there a test center for assymptomatic people,test
list of canadian hospitals treating not testing patients with covid19,test
my boyfriend experienced gastro intestinal symptoms and came from abroad should he get tested,test
my covid19 test results are pending and my temperature reached 40c what should i do,test
my father has a fever should i get tested,test
my friend got back from international travel two weeks back and i went to meet him when he returned should i test myself for coronavirus,test
should i get tested,test
should i get tested for covid19,test
something something this is jared testing,test
test for covid 19,test
to get an idea of how widespread the virus is why dont we simply test a random sample of people,test
were can i get tested ,test
what are covid19 test centres location in montreal,test
what are the criteria to get tested,test
what is covid19 test,test
what is the criteria for testing in ontario,test
what is the nearest testing center nearby,test
what is the wait time at the covid19 testing clinics,test
what symptoms are red flags for me to go to the hospital or get tested,test
when should i get tested,test
where are all the testing clinics in quebec ,test
where are the testing centers located in mtl,test
where can i get test,test
where can i get tested,test
where can i test for covid,test
where can someone get tested,test
where do i get tested,test
where do i go to get tested,test
where do we get the test for covid19,test
where should i be tested ,test
where to get tested ,test
where to go to get tested,test
which hospital takes the test for covid 19,test
who should get tested,test
why isnt canada testing more people for covid19 ,test
why should i get tested,test
will at home testing kits be made available,test
will tests be offered to nonsymptomatic people or symptomatic people who did not have known contact with individuals who travelled or who have covid19,test
can i catch or spread the virus from a plastic bag,transmission
can it coronavirus be transmitted by animals,transmission
can my dog get covid19 and transmit it to other people,transmission
can the virus travel through air or does there need to be physical contact,transmission
can this virus infect me in an airborne fashion,transmission
can you die from contracting covid,transmission
does covid19 spread by means of gametes,transmission
does covid19 spread in tropical conditions,transmission
does covid19 spread in warm weather,transmission
does everyone that contracts the virus show symptoms or will only certain people show symptoms,transmission
does it spread when we inhale the germs or just touching the virus infects us,transmission
does the virus spread by rain,transmission
how can i minimize the likelihood of contracting covid19,transmission
how did this virus transmit,transmission
how does covid19 spread,transmission
how does it spread ,transmission
how does the virus spread,transmission
how fast does it spread,transmission
how fast does the virus spread,transmission
how fast will the pandemic spread in canada,transmission
how is covd19 transmitted to humans,transmission
how is covid 19 spread,transmission
how is covid transmitted,transmission
how is covid19 spread,transmission
how is it transmitted,transmission
how is the corona virus being spread,transmission
how long are you contagious after you contract covid19 ,transmission
how long has the virus been spreading in canada,transmission
how much the quarantine process has a positive impact on reducing contamination spread,transmission
how to prepare for spread of covid 19,transmission
is china responsible for the spreading of covid19,transmission
is covid19 airborn  can i get it from the air ,transmission
is covid19 airborne,transmission
is covid19 an airborne ,transmission
is it airborne,transmission
is it airborne ,transmission
is it sexually transmissible ,transmission
is it transmissible through anal sex ,transmission
is the virus airborne ,transmission
transmission of covid 19 human to human is 100 confirmed  what about  human to pets ,transmission
what is the youngest age of a healthy person contracting the coronavirus,transmission
when will it stop spreading is 2 weeks enough ,transmission
will the virus continue to spread for a long time,transmission
do medications such as ibuprofen voltaren which have anti inflammatory property make the symptoms of covid19 worse,treatment
do we have a vaccine for coronavirus ,treatment
do you have treatment for covid19,treatment
does pneumonia vaccine which is for a bacterial infections helps the immune system to deal with the viral infection of covid19 more easily by removing the possibility of bacterial infection and just focusing on viral infection,treatment
from the infected worldwide population what is the ratio that will need medical attention eg icu or ventilators,treatment
how can elders 80 years old be cured from covid19,treatment
how can i cure covid19,treatment
how could covid19 be possibly treated with a vaccine,treatment
how long before we have a vaccine for corona ,treatment
how long is the treatment,treatment
how long will it take for a vaccine to be produced,treatment
how long will it take to develop a vaccine  ,treatment
how will i have my baby seen if no one will take a patient with a fever and cough kids still need physicals when they have ear pain or fever for more then 72hrs it makes me feel very insecure can i talk to a doctor virtually ,treatment
i am currently in montreal quebec however i have a health card from another province will i get free medical help with ohip card,treatment
i have high fever should i take medicine or not,treatment
i heard hydroxychloroquine is a good treatment for covid19 where can i get it,treatment
i might have covid 19 what treatment do i follow,treatment
if someone got cured can they catch it again,treatment
im a 53 year old female living with an autoimmune disease psoriatic arthritis and a few other conditions like chronic migraine and iron deficiency i take a medication that suppresses my immune system in spite of that i almost never even catch a cold and never get infections how worried should i be about being able to fight of the virus if i catch it inadvertently say at the grocery store ,treatment
in how many days can covid be cured ,treatment
is there a cure for corona virus,treatment
is there a treatment for corona virus,treatment
is there a vaccine for corona virus,treatment
is there a vaccine for covid,treatment
is there any medication,treatment
is there any medication to take to help,treatment
is there any treatment for covid 19,treatment
once you are cured from covid19 can you catch it again,treatment
should i expect a cure if i go to a hospital,treatment
treatment for covid 19,treatment
what about the researches with respect to treatment of covid19,treatment
what are the treatments of covid19,treatment
what can i expect from treatment ,treatment
what covid19 symptoms require that i seek medical help ,treatment
what drugs or treatments can i take ,treatment
what have you implemented to help older people who do not know how to use the internetphone to obtain their groceries and medicine,treatment
what kind of medication can i take if i have the virus ,treatment
what medicament can i use if i have symptoms ,treatment
what medication can i take for the symptoms and what can i give to my kids,treatment
what medication is recommended if i contract covid19,treatment
what medication should i avoid,treatment
what medication should i take,treatment
what medications should i take to alleviate covid19 symptoms,treatment
what treatments are available for covid19,treatment
when is the vaccine available ,treatment
when will a vaccine become available,treatment
when will the cure be available ,treatment
when will the treatment be available for this pandemic,treatment
when will the vaccine be ready ,treatment
where can i go to get treatment ,treatment
4 is it better to wash hands with warm soapy water or use a hand sanitizer,unclassified
a have a fever,unclassified
about covid19,unclassified
am i safe from the coronavirus at 50 years old ,unclassified
am i sick,unclassified
are all soaps effective when washing hands for 20 seconds,unclassified
are hospital bed saturated in province of quebec,unclassified
are outdoor walks considered safe,unclassified
are research fundings going to be cut as a result of the virus,unclassified
are there any federal or provincial services to help senior citizens get grocery safely,unclassified
are there any long term effects,unclassified
are there any vaccination,unclassified
are there still flights within canada,unclassified
are we going to have trouble buying milk ,unclassified
are you a reliable source of information,unclassified
are you coughing ,unclassified
are you sick,unclassified
are young people susceptible to corona virus,unclassified
as an ontarian can i travel to quebec,unclassified
as of today can we gather only 2,unclassified
can a 5 year old get coronavirus,unclassified
can all countries sue china for this,unclassified
can antiviral drugs be used to treat the coronavirus,unclassified
can covid infect you from the guts,unclassified
can dogs transfer the virus,unclassified
can drinking alcohol helps covid19 ,unclassified
can drinking hot liquids help flush covid when its sitting in the throat,unclassified
can i catch the virus from food in the grocery store,unclassified
can i die from covid19,unclassified
can i fo,unclassified
can i get covid 19 from the bread i just bought,unclassified
can i get the virus from a stray cat,unclassified
can i get the virus from food,unclassified
can i go jogging outside,unclassified
can i go visit my family,unclassified
can i still see my friends,unclassified
can i take tylenol ,unclassified
can i visit family and friends in aged care facilities,unclassified
can i visit my parents,unclassified
can it be transfered to food ,unclassified
can it be treated,unclassified
can it harm my unborn baby,unclassified
can it survives on food,unclassified
can my baby have corona virus when is born,unclassified
can my cat get the virus,unclassified
can pets get covid19 from me,unclassified
can the covid survive in the air,unclassified
can the virus live or organic materials like food ,unclassified
can we build immunity to this virus,unclassified
can you catch covid 19 after having had it before ,unclassified
can you drink alcohol during covid,unclassified
can you get covid from eating food that someone with covid sneezed or coughed on,unclassified
can you get the virus twice  ,unclassified
can you smoke cannabis during covid,unclassified
can you speak english,unclassified
can you speak french,unclassified
checkup points for covid19,unclassified
china is the reason behind covid19,unclassified
chlono,unclassified
comment attrape ton le covid19,unclassified
comparison coronavirus and flu,unclassified
corona virus characteristics,unclassified
could i get the virus more than once,unclassified
could we have done better,unclassified
covid,unclassified
covid19,unclassified
covid19 ,unclassified
covid19 stands for what,unclassified
define covid 18,unclassified
do i need to be quarantined from my family in my home,unclassified
do i need to be seen by a doctor,unclassified
do i need to clean my hands,unclassified
do i need to disinfect food,unclassified
do i need to disinfect my groceries,unclassified
do i need to disinfect things i buy like groceries and supplies,unclassified
do i need to wash my groceries,unclassified
do i need to wash my vegetables and fruits,unclassified
do i need to wipe clean the articles in plastic or cardboard once back home from a grocery,unclassified
do kids should  play with neighbors or not  ,unclassified
do the virus stay in air,unclassified
do we have designated hours for grocery shopping during covid19 pandemic in quebec,unclassified
do we have this epidemic and many more to come because were not taking care of the earth were destroying more and more trees and humans are eating more wild animals that have viruses per a talk from alanna shaikh,unclassified
do we have this virus past and future viruses in a big part because of 5g the upgraded satellites we now have in space which are causing too much electricity in our bodies per dr thomas cowan md,unclassified
do we see a future where this virus wont be such a threat anymore ,unclassified
do you have a health professional support group,unclassified
does covid 19 include a sore throat,unclassified
does covid transfer through air,unclassified
does hot water kill coronavirus,unclassified
does it have to be a question,unclassified
does soap really kill the virus,unclassified
does temperature has any effect on the virus,unclassified
does the fever persists in corona ,unclassified
does the sarscov2 virus mutate fast,unclassified
does the virus get milder due to coevolution,unclassified
does vitamin c intake help in building an immunity against the coronavirus,unclassified
fuck you covid19 ,unclassified
full form of covid19,unclassified
good morning,unclassified
has china used this to fight against the world,unclassified
has covid19 mutated,unclassified
has the virus evolved,unclassified
have there been any deceased children so far,unclassified
have they banned the wet markets in china yet so this doesnt happen again,unclassified
headache with high body temp,unclassified
hello what happens after corona,unclassified
how  can i get answer for my questions,unclassified
how about covid situations ,unclassified
how are you,unclassified
how are you ,unclassified
how are you feeling today ,unclassified
how bad is it,unclassified
how bad is your fever,unclassified
how can i help,unclassified
how can i helpp oeple,unclassified
how can i make sure i am buying from grocery is safe from covid19 ,unclassified
how can i not get,unclassified
how can i stay safe,unclassified
how can one fight the virus ,unclassified
how contagious is covid 19,unclassified
how contagious is the virus,unclassified
how covid19 is infecting,unclassified
how covid19 started,unclassified
how do i go grocery shopping ,unclassified
how do i keep my sanity around this crazy time,unclassified
how do i safely go grocery shopping without bring back germs ,unclassified
how do i stay up to date with government and news updates as they happen,unclassified
how do i treat coronavirus,unclassified
how do i wash my hands properly ,unclassified
how do we best organize people so that duplicate work is not being done,unclassified
how do we know that someone has covid19,unclassified
how do we know the worst is over,unclassified
how does covid 19 feel ,unclassified
how does covid affect healthy people,unclassified
how does covid19 affect lungs and how do you see this pandemic will impact the worlds economy,unclassified
how does covid19 kill its victims,unclassified
how easy is it to get covid,unclassified
how far do we have to go in cleaning our food,unclassified
how far should i stay from other people,unclassified
how i know that i m ill,unclassified
how is corona virus diagnosed,unclassified
how is covid19 treated,unclassified
how is going,unclassified
how is it going to last ,unclassified
how it works,unclassified
how likely am i to catch covid19,unclassified
how long am i infectious for,unclassified
how long are people sick for,unclassified
how long are we going to be sick ,unclassified
how long are we sick after getting it,unclassified
how long before we are healed ,unclassified
how long days need for ,unclassified
how long do i need to have a fever for me to start worrying,unclassified
how long do you expect these restrictive measures to last,unclassified
how long does covid19 virus lasts in the body,unclassified
how long does it last ,unclassified
how long does it stays on fabric,unclassified
how long does it take for me to become infectious ,unclassified
how long does it take until a carrier of the virus can infect others,unclassified
how long does it takes for the virus to go away,unclassified
how long does the coronavirus last,unclassified
how long does the virus remain on a surface,unclassified
how long is the mandated quarantine in quebec currently scheduled for,unclassified
how long is this expected to last,unclassified
how long should i stock up on food for,unclassified
how long the sickens last m,unclassified
how long will it take for us to see any impact in the physical distancing measures put in place in qc ,unclassified
how long will it take to get results,unclassified
how long will the shutdown continue for,unclassified
how long will we have to stay inside,unclassified
how long would it take for the virus to disappear  ,unclassified
how many are affected,unclassified
how many canadians currently have corona virus,unclassified
how many case in montreal,unclassified
how many case positive with covid19 ,unclassified
how many patients are across the globe ,unclassified
how many person are infectés in the world,unclassified
how many thing you do not understand,unclassified
how many will lose their jobs due to the chinese virus,unclassified
how many young adults are being hospitalised like in percentage,unclassified
how much fever should i tolerate before going to the doctor ,unclassified
how much its prevelent in pakistan,unclassified
how often should i take my temperature,unclassified
how often should i wash my hands,unclassified
how often should you disinfect your home and what products are known to kill covid19 does soap and water kill covid19  ,unclassified
how old are you,unclassified
how safe is food delivery  ,unclassified
how safe is it to go for a walk once a day in a park or forest ,unclassified
how safe is it to use taxi or uber during this covid crisis,unclassified
how safe is leaside north york area,unclassified
how serious is covid19,unclassified
how severe is the virus ,unclassified
how should i be cleaning the items from the grocery store when i get home should i wash everything before putting them away,unclassified
how to avoid exposure,unclassified
how to avoid the anxiety related to the covid19,unclassified
how to interact with people,unclassified
how to know that somebody have a corona,unclassified
how to properly clean my clothes and shoes,unclassified
how to self diagnose,unclassified
how to stay safe,unclassified
how will covid19 end,unclassified
how will the pandemic affect the economy,unclassified
hows the condition in singapore ,unclassified
hows the shortness of breath,unclassified
i am anxious about covid  what can i do,unclassified
i am coughing what should i do,unclassified
i am regularly travelling by bus,unclassified
i am worried about covid19,unclassified
i cough is it covid19,unclassified
i dont have a fever can i still have coronavirus ,unclassified
i dont know,unclassified
i feel a bit of itching could it be the coronavirus,unclassified
i feel a little sick with fewer must i go to the hospital ,unclassified
i feel anxious to get covid19 what can help to manage my stress ,unclassified
i feel heaviness  in my chest nothing else from last 2 week ,unclassified
i had a bronchitis last month and im still having trouble with my breathing a month later but i dont have a fever could it be corona virus,unclassified
i had a slight fever a 2 days ago but i got better could it have been coronavirus and that i developed the antibodies to fight the virus,unclassified
i had temperatute peaks of exactly 38 for 2 days and then stopped could it be covid19,unclassified
i may have corona virus,unclassified
i recently relocated to quebec can i request ramq card with visiting the ramq office,unclassified
i started getting chest discomfort a couple of days agoin my sternum and radiates to the middle of my back ,unclassified
i think im sick,unclassified
i woke up this morning and i am having trouble breathing what should i do,unclassified
i worked with someone who was in contact with individuals returning from covid19affected countries should i be worried,unclassified
i worry for my mental health during quarantine,unclassified
id love to know how long i can be contagious,unclassified
im concern about being exposed ,unclassified
im coughing what should i do,unclassified
im essential service grocery store ,unclassified
im hot what do i do,unclassified
im sneezing should i be worried,unclassified
impact of covid,unclassified
impacts of it,unclassified
in the air,unclassified
in this time of crisis is it okay to feed the raccoons,unclassified
infomation about covid,unclassified
is a person with heart disease more likely to have this virus,unclassified
is ace inhibitor harmful ,unclassified
is attending funerals considered as an essential travel,unclassified
is chloroquine effective in treating covid19,unclassified
is covid contagious,unclassified
is covid19 a bioweapon or a lab experiment gone wrong,unclassified
is covid19 more prone to develop in a colder environment versus a warmer one,unclassified
is covid19 mortal ,unclassified
is covid19 same as china flu,unclassified
is covid19 same as sars,unclassified
is food delivery safe,unclassified
is grocery shopping safe,unclassified
is having a runny nose show that i am impacted by covid19 ,unclassified
is it made by human or by nature,unclassified
is it ok to touch packets after washing with dettol,unclassified
is it safe to attend my prenatal appointment in person,unclassified
is it safe to do groceries in a store,unclassified
is it safe to get a new job that deals with the public,unclassified
is it safe to give blood,unclassified
is it safe to go for a walk outside,unclassified
is it safe to go out for walks,unclassified
is it safe to go out in public ,unclassified
is it safe to go outside,unclassified
is it safe to go shop for food,unclassified
is it safe to handle delivered packages,unclassified
is it safe to jogrun outside,unclassified
is it safe to order food during the covid19 pandemic,unclassified
is it safe to take a walk outside with my child,unclassified
is it safe to travel to chicago,unclassified
is it safe to use cash during this time,unclassified
is it safe to use the laundry in my apartment building,unclassified
is it still safe for my kids to play outside,unclassified
is it true that soap and water are better than hand sanitizer,unclassified
is it true that you should not take ibuprofen,unclassified
is it true we should not be spending time on our balconysocialize from our balconies,unclassified
is itchy throat sign of covid 19,unclassified
is ordering food from a restaurant discouraged,unclassified
is she have a chance of having covid19 ,unclassified
is staying at home mandatory,unclassified
is takeout food really safe during pandemic  ,unclassified
is the phlegm color suggestive of coronavirus ,unclassified
is the virus lethal,unclassified
is the virus manufactured or naturally occurring ,unclassified
is there a new form of corona virus,unclassified
is there any long term health sequels left by covid19,unclassified
is there any possibility in the future to make eye wear wich will have the capacity to see coid 19,unclassified
is there any way to assess the susceptibility of a person towards the coronavirus ,unclassified
is there more than one strain of covid19,unclassified
is vinegar an ok replacement for purell,unclassified
it would possible to predict the time of this pandemic,unclassified
its contagious,unclassified
ive developed a sore throat where should i go,unclassified
lack of smell,unclassified
mental health,unclassified
most country have patient,unclassified
my brother has covid19 what to do,unclassified
my chest feels a little tight when i breathe,unclassified
my ears are itchy,unclassified
my father has type 2 diabetes it isnt very severe but i am still concerned for his health is this type of diabetes considered an underlying condition,unclassified
my friend has a weakness and vomiting problem along with sore throat and runny nose,unclassified
my mom came back from a trip on the 20th of march until when is she supposed to stay home,unclassified
my son ic,unclassified
my son is flying from kansas to england on the 30th april he is flying into heathrow and then travelling home to manchester by train,unclassified
my throat hurts what should i do,unclassified
my throat seems to burn a little should i be worried ,unclassified
no give me an answer first,unclassified
non,unclassified
option to run the questions for children ,unclassified
running nose is considered as covid19,unclassified
shall we stay where we are or travel to our home country,unclassified
should i be moving house during a pandemic,unclassified
should i call 911,unclassified
should i not touch my mail,unclassified
should i star home and even avoid going to the supermarket and drugstore,unclassified
should i stay home,unclassified
should i stay home ,unclassified
should i stay quarantined,unclassified
should i take the metro,unclassified
should i use nsaids,unclassified
should i use sudafed,unclassified
should i visit my parents in a seniors home,unclassified
should i wash my fruits and vegetable that i just bought at the grocery,unclassified
should i worry about covid 19,unclassified
slight cough,unclassified
some experts are encouraging people to wash with soap and water all groceries  not just fruit and vegetables brought into the house is this necessary,unclassified
sorry i het enter before i was done am i just being paranoid and giving myself an ulcer my husband has pulmonary fibrosis so im really worried about him ,unclassified
south korea,unclassified
suffering from trout echiting,unclassified
tension,unclassified
updates,unclassified
waht are thenoptiin to disinfect hands and surfaces other than soap and alcohol,unclassified
what are dialogue services,unclassified
what are effective immunity boosters,unclassified
what are good supplements to take,unclassified
what are the age groups of people likely to die from covid19,unclassified
what are the best food to get good immune ,unclassified
what are the conditions under which people are most likely to develop complications versus those who wont  ,unclassified
what are the criteria for swabbing children,unclassified
what are the essential services ,unclassified
what are the options to disinfect hand or surfaces other than soap and alcohol,unclassified
what are the services out there that can help families with disabilities during this time,unclassified
what are the sideeffects of hydroxychloroquine for treating covid19,unclassified
what are the top,unclassified
what can you do,unclassified
what causes the covid19 desease,unclassified
what colour is covid 19,unclassified
what covid19 stands for,unclassified
what do i do when people are not respecting my space when lining up at the grocery store,unclassified
what do you know about covid19,unclassified
what does corona and covid mean,unclassified
what fever is covid 19 fever,unclassified
what has caused it,unclassified
what is,unclassified
what is a dry cough ,unclassified
what is allowed during quarantine,unclassified
what is canada quarantine policy,unclassified
what is canadas situation right now,unclassified
what is cocos19,unclassified
what is dialogues position on sick notes,unclassified
what is going on in my neighbourhood,unclassified
what is going to happen to us,unclassified
what is immunity,unclassified
what is it,unclassified
what is my age,unclassified
what is pandemic,unclassified
what is self monitoring,unclassified
what is the advice surrounding outdoor exercisesport,unclassified
what is the best way to help beside washing my hands,unclassified
what is the current situation,unclassified
what is the percentage of people dying ,unclassified
what is the probability of dying,unclassified
what is the question,unclassified
what is the situation now in my country,unclassified
what is the situation right now in the world,unclassified
what is this disease,unclassified
what is this rainbow thing that people are talking about,unclassified
what is this site,unclassified
what is virus,unclassified
what is your name,unclassified
what kind of soap do i need to use to wash my hands is any kind of regular hand soap sufficient ,unclassified
what mental health resources you have for covid19,unclassified
what percentage of people over 60 die from covid 19,unclassified
what places of laval has covid19,unclassified
what should i buy from the stores now that i feel sick,unclassified
what should i do,unclassified
what should i do when i come back home after going somewhere,unclassified
what should i use to disinfect grocery bags and grocery items ,unclassified
what surfaces is the virus most likely to stick to ,unclassified
what the name of the virus,unclassified
what the size,unclassified
what time is it,unclassified
what to do when i gave cough,unclassified
what type of shopping is safe ,unclassified
what will be th impact on international students,unclassified
what will be the impacts on confining millions of people in their homes for months,unclassified
whats happen for country near the ecuador with a lot of hot ,unclassified
whats the capital of palestine,unclassified
whats the current count in india,unclassified
when can i expect this situation to end,unclassified
when can we expect things to return to normal,unclassified
when covid 19 is going to stop,unclassified
when do i expect to hear back from you ,unclassified
when do you think we will be out of this  ,unclassified
when is the peak expected in the usa,unclassified
when is this pandemic going to end,unclassified
when shoul i go to the hospital,unclassified
when should i contact a doctor,unclassified
when should i go see my doctor ,unclassified
when should i visit a doctor,unclassified
when this virus terminated,unclassified
when will canada be on quarantine,unclassified
when will germany reach the peak,unclassified
when will i work,unclassified
when will primary schools start,unclassified
when will the drug for covid 19 be ready ,unclassified
when will the schools reopen,unclassified
when will we be back to work,unclassified
when will we know the pandemic has stopped,unclassified
when will we start school again,unclassified
where are you,unclassified
where can i find the most recent and uptodate information about covid19,unclassified
where can i help,unclassified
where can we find ventilator,unclassified
where did covid19 come from,unclassified
where is the nearest covid19 clinic near me,unclassified
where is the nearest hospital,unclassified
where should i go,unclassified
which is the most affect province in canada,unclassified
while my mom stays home can she take the elevator and go put the trash in the communal basement,unclassified
who are you,unclassified
who are you ,unclassified
who do i call,unclassified
who is most at danger,unclassified
who is most likely to catch the virus ,unclassified
who is the zero patient in china ,unclassified
who needs ventilator,unclassified
who should be quarantined because of covid19,unclassified
who should i call to get help,unclassified
why ,unclassified
why are there so many stupid people who dont follow directives,unclassified
why covid 19,unclassified
why didnt you answer my first question,unclassified
why do i need to wash my hands,unclassified
why is called covid19,unclassified
why is it called corona virus,unclassified
why is my dick so big,unclassified
why is the quarantine 10 days now instead of the prior 14 days ,unclassified
why is the virus called covid19,unclassified
why is there a shortage of toilet paper,unclassified
why is there no toilet paper,unclassified
why is trudeau asleep,unclassified
why name it corona,unclassified
why not,unclassified
why only after 28 weeks of pregnancy is highly recommended to avoid covid19 ,unclassified
why so serious,unclassified
will a shelter in place order allow shared custody agreements to be met or will the parents be required to leave their children with whichever parent has them the day it comes into effect,unclassified
will covid 19 make me smarter ,unclassified
will covid19 go away like the 1918 influenza and sars did,unclassified
will covid19 have longterm side effects on my health,unclassified
will governments learn from this,unclassified
will herd immunity be the only means of eradicating covid19,unclassified
will high temperature kill coronavirus,unclassified
will humanity survive covid 19,unclassified
will it be gone by summer,unclassified
will it get better in summer with higher temperatures,unclassified
will people on ltd long term disability drill receive their payments,unclassified
will the groceries shut down,unclassified
will the pandemic affect university research,unclassified
will the virus affect my sexual ability ,unclassified
will there be any changes in pgwp,unclassified
would i get corona ,unclassified
can i see my barber at his home out in the open with globes and mask,virusfight
do i have to wear a mask all the time if i am not infected,virusfight
do i have to wear gloves and mask,virusfight
do i need a mask,virusfight
do i need a mask if i am not confirmed to have been affected yet,virusfight
do i need to wear a mask i heard its worse if you touch your face,virusfight
do i need to wear mask,virusfight
do we need to wear a mask,virusfight
do we need to wear mask,virusfight
does a mask actually help if im not sick,virusfight
does eating oranges daily help to fight this virus,virusfight
does wearing gloves help,virusfight
how can blueridgeai help fight this virus,virusfight
if i sew a mask  can this be effective ,virusfight
is it useful to wear a mask if we are not sick,virusfight
is there a medication to take to help me fight covid19,virusfight
now we confirmed that asymptomatic covid19 carrier can spread the virus shouldnt it be smart to treat everyone as potiential carrier and wear mask,virusfight
should i wear a mask,virusfight
should i wear gloves to go to the grocery store ,virusfight
should i wear mask,virusfight
should we be wearing homemade masks when out shopping,virusfight
where can we get masks,virusfight
why does the government think that we dont need to wear face masks when clearly citizens from countries that are able to contain the virus are all wearing face masks regardless if they are sick or not,virusfight
will the heat of the summer help fighting the virus,virusfight
will wearing a p100 mask help me not get infected,virusfight
3 cooking food kills  off the covid 19,viruskill
is it true that warm kills coronavirus,viruskill
is the virus vulnerable to high temperature does steam cleaning the surfaces and cloths kills the virus,viruskill
isnt the economy impact and the panic reaction going to kill more than the virus it seems the virus only kills 1 while over 30 of the population might lose their jobs,viruskill
1 how long does covid 19 survive in a freezer does it survive,viruslife
2 can covid 19 live on fruits and vegetables and what is the safest way to eat and clean them,viruslife
can covid19 stay alive on fresh fruit and vegetables,viruslife
does the  virus stay on clothing,viruslife
for how long covid19 can stay alive on different surfaces,viruslife
for how long the virus can live without the host ,viruslife
how long can covid19 live in surfaces,viruslife
how long can live covid19 on surface,viruslife
how long can the coronavirus live in fabrics,viruslife
how long can the covid19 survive outside the body,viruslife
how long can the virus live,viruslife
how long can the virus live on surfaces,viruslife
how long can the virus stay in the air,viruslife
how long could the virus stay alive on doorknobs traffic signal buttons stair rails,viruslife
how long does covid live on packages,viruslife
how long does covid19 live on glass surfaces,viruslife
how long does covid19 stay in the air ,viruslife
how long does covid19 stay on surfaces,viruslife
how long does the covid19 virus stays alive on a door handle,viruslife
how long does the srascov2 live on syrface,viruslife
how long does the virus live for outside a body,viruslife
how long does the virus live in my body if i catch it,viruslife
how long does the virus live on clothes,viruslife
how long does the virus live on surfaces,viruslife
how long does the virus remain active and alive after attacking a human body,viruslife
how long does the virus stay airborne,viruslife
how long does the virus stay in paper money and coins,viruslife
how long does the virus stay on surface,viruslife
how long does the virus stay on surfaces,viruslife
how long does the virus survive on a surface,viruslife
how long does the virus survive on a surface like a doorknob,viruslife
how long goes the virus stay in the air after someone coughs,viruslife
how long is covid19 staying on surfaces,viruslife
how long people live after being infected by coronavirus,viruslife
how long the virus stays on surfaces,viruslife
how much does corona virus stay on each kind of surfaces,viruslife
i dont feel well have a dry cough and a fever should i go get tested for covid and where can i get tested if i livei n pointeclaire quebec,viruslife
if a shelter in place order comes in and a person in place is not a resident but lives in another municipality of the same province can they be provided provisions should rationing begin,viruslife
if someone survived covid19 is he completely virusfree,viruslife
is it true that covid19 can survive up to a few days on hard surfaces,viruslife
must the feversymptom related to covid19 be a continuous fever or is it possible that the fever is shortlived,viruslife
my  father is 80 years and food is delivered to him daily can food containers and food itself be contaminated by covid,viruslife
should we avoid online shopping as it puts workings and delivery people at risk ,viruslife
will the largest commercial suppliers in the country be urged to provide necessities for each household for delivery we have sobeys loblaw amazon walmart and intelcom who do this today but in an unconcerted way ,viruslife
