index,0,1,2
1,When should I go to the hospital?,-,-
2,I think I have a fever. What do I do?,-,-
4,What's covid19?,-,-
5,Does the virus spread by rain?,-,-
7,What are the synthoms?,-,-
8,-,what is covid-19,-
10,What mesures needs to take a pregnant women to reduce the risk?,-,-
12,How's the shortness of breath?,-,-
13,How do I know if I haver coronavirus?,-,-
14,covid19 symptons?,-,-
15,Is the Asymptomatic Carrier a temporary status? ,-,-
18,-,What is it,-
19,How to avoid exposure?,-,-
23,-,What is Covid-19?,-
25,What is the covid?,-,-
26,What is the impact that covid-19 has in the economy?,-,-
27,Which country infected ? ,-,-
29,What is covid,-,-
45,-,What is the COVID-19?,-
48,South korea,-,-
61,How many people have dies,-,-
83,What is coronavirus ?,-,-
111,-,What is,-
118,Will the heat of the summer help fighting the virus?,-,-
123,Do we see a future where this virus won't be such a threat anymore? ,-,-
129,Do the virus stay in air?,-,-
136,Non,-,-
143,-,-,what are the symptoms
149,what are the syptoms?,-,-
154,How many infected person in south korea?,-,-
155,What is the incubation time of the virus?,-,-
156,Why Germany has a low death rate?,-,-
159,I have cough. Does that mean I might be infected?,-,-
160,how is going,-,-
161,Can the Covid survive in the air?,-,-
162,Does covid-19 test anonymous?,-,-
163,What kind of medication can I take if I have the virus ?,-,-
164,Will Covid19 go away like the 1918 influenza and SARS did,-,-
165,Are there still flights within Canada?,-,-
167,Is there a vaccine for corona virus?,-,-
176,I have fever what I should do,-,-
177,Does a throat feel itchy or really sore and a symptom ,-,-
179,Precautions to measure? ,-,-
186,How many confirmed cases in Ontario now?,-,-
187,"If Iâ€™m sneezing, should I get tested for corona virus?",-,-
188,Are we going to have trouble buying milk? ,-,-
189,What is Covid19,-,-
190,Is headache a symptom of this pandemic? ,-,-
194,How much longer will society need to socially isolate?,-,-
199,Is itchy throat sign of covid 19,-,-
201,Where are the testing centers located in Mtl?,-,-
202,mental health,-,-
206,When will the treatment be available for this pandemic?,-,-
207,which hospital takes the test for covid 19?,-,-
211,What is the current situation of COVID-19 infections?,-,-
213,How does it spread ?,-,-
218,How many cases in Quebec? ,-,-
220,What are the symptoms of vivid 19?,-,-
223,How long are you contagious if you have Coronavirus?,-,-
229,when covid 19 is going to stop?,-,-
230,Chlono,-,-
232,if my tempreture is over 39 can i assume that i have covid-19 ?,-,-
233,Is the virus infectious during incubation period?,-,-
236,Am I allowed to go for a walk?,-,-
240,Where can we find ventilator?,-,-
241,what is the death rate of the new corona virus,-,-
246,"As of today, can we gather only 2",-,-
249,what are the conditions under which people are most likely to develop complications versus those who wonâ€™t?  ,-,-
252,may I know what is corona?,-,-
253,What is a vaccin becoming available?,-,-
254,Will the largest commercial suppliers in the country be urged to provide necessities for each household for delivery? We have Sobeyâ€™s Loblaw Amazon Walmart and Intelcom who do this today but in an unconcerted way. ,-,-
256,Can I get the virus from a stray cat?,-,-
258,Impact of covid,-,-
262,Will herd immunity be the only means of eradicating COVID-19?,-,-
276,-,-,what are the symptoms of COVID-19?
278,Can drinking alcohol helps COVID19? ,-,-
280,how is covid 19 spread?,-,-
281,How can I make the difference between a cold and covid19?,-,-
282,Should I star home and even avoid going to the supermarket and drugstore?,-,-
284,How does COVID-19 spread?,-,-
289,How many cases in Montreal?,-,-
293,What are the symptoms of the covid19?,-,-
295,How do I treat coronavirus?,-,-
297,How do people get infected with Coronavirus?,-,-
298,"In the U.S., why has the Defense Production Act not been invoked to allow weekly (?) testing of every single person present in The United States?  Yes, this is on the scale of industrialization of the WW2 era, and yes, that is *exactly* what the Defense Production Act is for.",-,-
299,who is at risk of dying after contracting the virus?,-,-
300,Is the test covered in in CIHIP?,-,-
301,Will social distancing slow the spread of covid-19?,-,-
303,What's the point of asking you questions if you don't have answers,-,-
306,why is my dick so big,-,-
308,Is it true that warm kills Coronavirus?,-,-
310,Why are death rates so different across countries?,-,-
311,How does COVID-19 kill its victims?,-,-
316,I am 43. Whatâ€™s the chance of my survival if I get covid. ,-,-
321,Where should I go?,-,-
323,What's covid19? ,-,-
325,Should I wear mask,-,-
326,What are the most common symptoms of COVID-19?,-,-
330,Symptoms of corona,-,-
331,I have cold for couple of weeks. Have cough over night and regular mucous during day and night. Feel a bit hot but not fever that can be feel. Sometimes ear pain for infection. Some times get stressed on having corona. Does any of these symptoms suggest that? I have quarantined myself for over 10 days  ,-,-
335,How does coronavirus propagate?,-,-
336,where can I help?,-,-
338,how many people positive result with COVID-19,-,-
339,How often should i take my temperature?,-,-
340,how many cases are there in Washington state,-,-
342,What is the advice surrounding outdoor exercise/sport?,-,-
348,Will NHS workers be even more isolated because they are exposed to the virus on a daily basis?,-,-
349,is the grocery open?,-,-
350,Who is at risk?,-,-
351,How to protect my family from COVID-19?,-,-
353,Is it true that warm kills Coronavirus?,-,-
354,is coughing phlem a symptom?,-,-
356,-,what's is COVID-19?,-
357,How many people are infected in Lithuania?,-,-
358,What are the best food to get good immune ,-,-
359,when is this pandemic going to end?,-,-
360,"How can I make sure, I am buying from grocery is safe from COVID-19 ",-,-
366,"How long could the virus stay alive on doorknobs, traffic signal buttons, stair rails?",-,-
372,I would like clarifications about the fact that test results don't work if you don't have symptoms. That does not seem like a commonality we usually see with tests like this.,-,-
375,-,-,What are the symptoms
380,-,-,what are the symptoms
381,"I think I have coronavirus, should I go to the emergency",-,-
383,Is fever the main symptom for vivid-19,-,-
384,-,-,What are the symptoms 
385,Where should I be tested ?,-,-
389,What are the main synptoms?,-,-
390,what is canada's situation right now?,-,-
393,How about covid situations? ,-,-
394,how to interact with people,-,-
396,Am I infected,-,-
413,-,-,What are the symptoms
417,When should I visit a doctor?,-,-
419,"Would it help eradicate viruses immediately if we put in place proper healthcare systems throughout every country, rich or poor, and to also have enough health professionals worldwide in place who will immediately recognize if there is a contagious virus in their city to eradicate it before it spreads?",-,-
420,Is it true that COVID-19 can survive up to a few days on hard surfaces?,-,-
422,Is it safe for seniors to go out for a walk or inside shopping malls which are quite isolated these days?,-,-
428,Can COVID-19 stay alive on fresh fruit and vegetables?,-,-
429,"Hello, what happens after corona?",-,-
430,I have throat ,-,-
432,I worry for my mental health during quarantine,-,-
440,I cough. is it Covid-19?,-,-
447,Symptoms of Covid ,-,-
449,When will the schools reopen?,-,-
451,What do I do if I suspect I'm infected?,-,-
456,Is it true that you can get the virus again even after you've recovered ,-,-
461,I think Iâ€™m sick,-,-
464,Will high temperature kill coronavirus?,-,-
469,What if I have cough ?,-,-
470,-,Covid-19,-
471,My  father is 80 years and food is delivered to him daily. Can food containers and food itself be contaminated by COVID,-,-
476,When do I expect to hear back from you? ,-,-
479,Does Quebec Health Public System have the capacity to fight this COVID-19 outbreak ?,-,-
481,how many people died?,-,-
489,How severe is the virus? ,-,-
491,how can I prevent to get infected?,-,-
494,When will be done?,-,-
495,Does temperature has any effect on the virus,-,-
501,what do you know about COVID-19?,-,-
503,What is the incubation time of covid-19 by age,-,-
505,what are the main symptoms,-,-
512,Why is Trudeau asleep?,-,-
516,Will the groceries shut down?,-,-
520,How is covid transmitted?,-,-
522,What is covid?,-,-
525,Is ACE Inhibitor harmful ,-,-
531,I heard hydroxychloroquine is a good treatment for COVID-19. Where can I get it?,-,-
534,Do I need to disinfect things I buy like groceries and supplies?,-,-
536,should I go to the hospital?,-,-
537,Are research fundings going to be cut as a result of the virus?,-,-
538,What is covid 19?,-,-
542,Does a mask actually help if I'm not sick?,-,-
544,What is covid,-,-
546,age wise statistics for covid-19,-,-
550,"Must the fever-symptom related to COVID-19 be a continuous fever, or is it possible that the fever is short-lived?",-,-
553,How does COVID-19 affect lungs? And how do you see this pandemic will impact the world's economy?,-,-
555,Does taking high doses of vitamin C and D help fighting the disease? As an immune system booster! Is there any study on that?,-,-
556,How to protect myself on a plane,-,-
557,Is covid very dangerous,-,-
563,How can I differ between covid and normal flu ?,-,-
564,Will there be any changes in PGWP?,-,-
567,-,-,What are the symptoms of SARS-COV-2
570,Do I have to ask a sclerotic question about traveling or something to get an answer ,-,-
572,I'd love to know how long I can be contagious?,-,-
573,what are cov19 symptoms,-,-
576,how to protect myself from it ,-,-
578,what is canada quarantine policy?,-,-
579,Covid?,-,-
583,My sister-in-law is pregnant and lives in a house with extended family where one member is isolated due to possible contact with someone with COVID-19. Are the risks for pregnant woman Higher? How can she protect?,-,-
586,Will the virus affect my sexual ability ,-,-
589,What have you implemented to help older people who do not know how to use the internet/phone to obtain their groceries and medicine?,-,-
590,When will the cure be available ?,-,-
592,Should I go to the ER or my physician directly if I'm infected?,-,-
593,Which country infected ? ,-,-
594,what are the main symptoms of coronavirus,-,-
595,when will the pandemic end?,-,-
599,How deadly is the virus?,-,-
600,How do I know if I have the corona virus,-,-
603,What is COVID 19?,-,-
607,How long before symptoms start to show? ,-,-
608,what is this site,-,-
609,What is covid,-,-
615,Is it useful to wear a mask if we are not sick?,-,-
616,what is social distancing?,-,-
617,How many cases in Montreal,-,-
619,What is the incubation period for COVID-19?,-,-
621,"If I'm below the age of 30, will I notice symptoms if I'm sick?",-,-
623,When will this end,-,-
625,Are there any federal or provincial services to help senior citizens get grocery safely?,-,-
627,How long do we need social distanciation for the virus to be less of a threat? ,-,-
628,how many deaths are in Italy as of March 21,-,-
629,"I am having sore throat, cold, cough, temperature is not stable continuously increases and decreases. So Do I need to go for a test?",-,-
630,Whatbare the symptoms,-,-
631,How long does it last? ,-,-
632,How do I know if my chest is hurt because lung damage or another cause?,-,-
633,Is it safe to order food during the COVID-19 pandemic?,-,-
635,-,What should I do?,-
639,How do I know if I have the flu or coronavirus,-,-
642,I feel heaviness  in my chest nothing else from last 2 week ,-,-
643,How many days can you be contagious without showing symptoms?,-,-
646,Can anti-viral drugs be used to treat the coronavirus?,-,-
649,Where is the closest testing facility to me?,-,-
650,Can I go for a run? Does running/exercise compromise my immune system? ,-,-
653,where did it start,-,-
654,How many case in montreal,-,-
659,Whatâ€™s the incubation period? ,-,-
663,-,how are you,-
664,When will it be ok to go outside?,-,-
666,What is the probability of dying?,-,-
669,Can you explain to me what is the covid19?,-,-
674,how many people in America?,-,-
678,How long does it last once infected ?,-,-
679,Whats corona,-,-
680,What is the number of Covid19 cases in the wold,-,-
681,How Covid-19 started?,-,-
683,I need to take a blood test. Is there a large risk for infection?,-,-
687,Are vet clinics still open?,-,-
694,How many people have it in my town?,-,-
695,How long does the virus live on clothes?,-,-
696,What is the mortality rate?,-,-
700,Does COVID 19 cause stomach issues,-,-
702,Will it get better in summer with higher temperatures?,-,-
706,What should I do if i think that i'm infected ?,-,-
709,What are the early symptoms of COVID-19,-,-
710, When should I consult after the vomitting symptoms for a 4 y-o child? ,-,-
711,How does it die in asymptomatic people?,-,-
712,What is the period of incubation?,-,-
713,How do I know if I have the covid-19,-,-
714,What is the incubation period? ,-,-
720,how much does corona virus stay on each kind of surfaces?,-,-
722,Could stores open a few hours a week for the elderly? ,-,-
723,if i have symptoms should i go to the ER or should I call a doctor?,-,-
727,How long does the virus stay in paper money and coins?,-,-
728,How effective is the new drug manufactured by Fujifilm Toyama Chemicals in treating COVID-19?,-,-
733,Is a cough but no fever a symptom?,-,-
734,If I fully recover from COVID-19 would I still be considered a carrier and transmit the virus?,-,-
735,-,-,What are the symptoms of Covid-19?
736,What are the real symptoms of covid-19 ,-,-
740,How long am I infectious for,-,-
742,Should I take the metro?,-,-
743,Is the virus vulnerable to high temperature?! Does steam cleaning the surfaces and cloths kills the virus?,-,-
744,Is it safe to get a new job that deals with the public?,-,-
753,is fever a symptom of coronavirus? ,-,-
754,-,-,Symptoms
755,How long until an infected person shows symptoms?,-,-
756,I am coughing but I don't have fever. Could I have covid-19?,-,-
757,Can you catch covid 19 after having had it before ,-,-
760,What are the symptoms of Corona?,-,-
765,How can I protect myself from the covid-19?,-,-
767,What are the symptoms of covid19,-,-
772,-,who can you do?,-
773,What are the symptoms of covid19?,-,-
775,Can I be contagious even if I don't have symptoms? ,-,-
776,Why is it called Corona virus?,-,-
780,Does my neighbour have covid-19 symptoms?,-,-
781,How long can the covid-19 survive outside the body,-,-
789,Has the virus evolved,-,-
790,-,what is covid-19 ?,-
797,How do we best organize people so that duplicate work is not being done?,-,-
798,Can this virus infect me in an airborne fashion?,-,-
800,Where can I get tested?,-,-
802,How dangerous it is for pregnant womens?,-,-
808,Hey,-,-
809,How am I supposed to work while I have two young children at home?,-,-
812,Where do I go if I have mild symptoms?,-,-
813,How many thing you do not understand,-,-
814,"Do we have this epidemic, and many more to come, because we're not taking care of the earth, we're destroying more and more trees, and humans are eating more wild animals that have viruses, per a talk from Alanna Shaikh?",-,-
815,What shall I do if I have to go out to buy things to protect myself from corona virus?,-,-
817,When this will ever end ,-,-
820,waht are thenoptiin to disinfect hands and surfaces other than soap and alcohol,-,-
821,what kind of protective gear do i need to wear?,-,-
822,"My head hurts, my body aches a little and I feel a cold coming. How do I know if this is Covid-19 or just an ordinary cold?",-,-
824,Where did COVID-19 come from?,-,-
825,Who is most at risk? ,-,-
829,how many people have died in the US?,-,-
830,Symptom,-,-
835,"If I am starting to breath heavily, should I get it checked out?",-,-
842,-,What is COVID-19,-
844,-,-,What is the covid-19 symptoms? 
846,What's covid19,-,-
849,what are the risks for someone aged 65?,-,-
851,What is the origin of COVID-19?,-,-
854,What precautions should I take with things delivered at home?,-,-
857,Option to run the questions for children ,-,-
863,How long is the treatment?,-,-
865,who needs to be isolated?,-,-
868,Should I not touch my mail?,-,-
869,Is there a different varient of virus which is spreading across the world,-,-
871,How many patients are across the globe? ,-,-
872,How i know that i 'm ill,-,-
876,How long does it take to recover?,-,-
880,-,what is covid-2019,-
882,how old are you?,-,-
883,"If there are kids around me, do I have to worry if they are infected and I do not know?",-,-
888,Isn't the economy impact (and the panic reaction) going to kill more than the virus? It seems the virus only kills 1%... while over 30% of the population might lose their jobs.,-,-
890,What is the estimated population that will be infected by the covid-19 virus?,-,-
892,Does the  virus stay on clothing?,-,-
895,Do I need to stay away from my family members if we're all social distancing together in the house?,-,-
901,"Hello, I am social distancing and taking precautions, however I have to share a communal sink. I try to stay as safe as possible by cleaning it, but I have touched the knobs with my bare hands without thinking, can germs spread this way? Should I avoid the sink in general? Thank you! ",-,-
905,I have Hashimoto's hypothyroiditis. Am I more at risk? I also had a PE due to Fv-leiden and oral contraceptives in 2001...what do you recommend I do?,-,-
907,What are effective immunity boosters?,-,-
908,What was the total number of deaths before and after the virus?,-,-
909,What is the current COVID-19 confirmed cases trend for Canada?,-,-
912,When should I contact a doctor?,-,-
913,What is the nearest hospital to go to if I have a COVID-19?,-,-
917,Were there documented cases before January 2020?,-,-
922,How long does the virus remain active and alive after attacking a human body?,-,-
925,Is staying at home mandatory?,-,-
926,How should I keep my family safe during covid-19?,-,-
928,How many COVID-19 related deaths have there been in Montreal?,-,-
929,Can you get be infected more than once? ,-,-
931,Do i have a covid or is it just a cold?,-,-
941,What should I do if I start feeling sick with similar symptoms as in covid19?,-,-
946,Does everyone infected need a respirator?,-,-
950,What should I do if I have fever?,-,-
951,Is it safe to give blood?,-,-
952,is covid-19 dangerous,-,-
953,How to differentiate between coronavirus and simple flu?,-,-
954,I have a sore throat. What do I do?,-,-
955,What is the risk for a pregnant women?,-,-
958,Can my cat get the virus?,-,-
981,When should I go to the ER?,-,-
982,What is the risk for an asthmatic ?,-,-
985,"I'm hot, what do I do?",-,-
986,What's the difference between COVID-19 and CoronaVirus?,-,-
989,Can I die from Covid-19?,-,-
993,What is covid19?,-,-
994,how long would it take for the virus to disappear ? ,-,-
995,What is Covid-19 virus?),-,-
996,How many cases in Montreal ,-,-
999,Should I be worried about getting sick if the government does not lock down everything?,-,-
1000,How fast will the pandemic spread in Canada?,-,-
1002,What are the risks for people with diabetes? ,-,-
1007,is china responsible for the spreading of COVID-19?,-,-
1008,How many cases in Quebec ,-,-
1009,-,-,What do I do if I have symptoms?
1014,-,-,What are symptoms 
1015,"If I experience symptoms but they are manageable, should I still go to the hospital for testing?",-,-
1018,how to prevent ?,-,-
1023,What is covid 29,-,-
1025,Why Covid 19?,-,-
1026,How many days should I isolate for,-,-
1030,what is self monitoring?,-,-
1031,what is covid 19,-,-
1032,How many cases of covid in laval,-,-
1034,My brother has COVID-19. What to do?,-,-
1036,How long will I be sick if I get the virus,-,-
1038,What is the half-life of coronavirus?,-,-
1043,I think I have COVID,-,-
1045,Do I have to wear a mask all the time if I am not infected?,-,-
1046,What should I use to disinfect grocery bags and grocery items? ,-,-
1048,How much it's prevelent in Pakistan?,-,-
1049,How long will it last?,-,-
1050,what is pandemic,-,-
1051,how to know if i have corona,-,-
1054,-,Is COVID-19 air-borne?,-
1055,How does Covid-19 spread?,-,-
1057,where can I test for covid,-,-
1058,"If you recover from the virus, can you still be a carrier ",-,-
1059,What are the symptoms of corona virus,-,-
1063,In how many days can covid be cured? ,-,-
1064,"if someone had pneumonia before, are they more at risk?",-,-
1066,Can I get infected after I healed from it?,-,-
1069,I am in self isolation.   Is it ok to let in family members who must continue to go to work?,-,-
1072,How long does the virus survive on a surface like a doorknob?,-,-
1073,what is the risk for a pregnent woman ?,-,-
1075,treatment for covid 19,-,-
1079,When will life get back to normal?,-,-
1084,What are the Symptome ,-,-
1085,Will the pandemic affect university research?,-,-
1088,"If I have symptoms and I am told to stay home, can I take Tylenol?",-,-
1090,Can you get the virus twice ? ,-,-
1093,Can you smoke cannabis during Covid?,-,-
1102,Will people on LTD (Long Term Disability) drill receive their payments?,-,-
1104,Can I run outside,-,-
1112,What are the covid simptons?,-,-
1114,"I would like to get COVID19 test, where can I get it?",-,-
1118,Are there any risk for the foetus? ,-,-
1119,How many people are infected in toronto,-,-
1121,Who can I make the difference between a cold and covid19?,-,-
1122,"Would it help to ensure there is a warehouse already filled with protective gear for health professionals worldwide, instead of scrambling, or ordering these last minute, and also have enough hospitals built, because if we don't do that, we'll have to do what China did and build a hospital at the last minute?",-,-
1130,What do I do if someone with COVID-19 spotted?,-,-
1131,What is Covid 19,-,-
1134,Does the fever persists in corona ,-,-
1136,How long can the virus stay in the air,-,-
1139,Can we be contagious when we don't show symptoms?,-,-
1143,When will we be back to work?,-,-
1144,"How long the sickens last, m",-,-
1146,-,What is self-isolation?,-
1147,I recently relocated to Quebec. Can I request RAMQ card with visiting the RAMQ office?,-,-
1148,"What are differences in term of symptoms between the new coronavirus and normal flu, cod",-,-
1155,"In this time of crisis, is it okay to feed the raccoons",-,-
1156,How long is incubation period? ,-,-
1161,"i am coughing, what should i do?",-,-
1163,-,What is covid-19?,-
1165,Does COVID-19 spread by means of gametes?,-,-
1166,Do I need to wash my vegetables and fruits?,-,-
1173,How long does it take an average person to recover?,-,-
1174,-,-,What are the symptoms of COVID-19?
1175,how to know that somebody have a corona,-,-
1178,How can i cure covid-19?,-,-
1180,How long will it take to develop a vaccine ? ,-,-
1181,What COVID-19 stands for?,-,-
1182,-,-,what are the symptoms of covid-19
1184,Doeas the software is automatic in English because I use an English device? If I ask in French the answer will be in French?,-,-
1185,I have fever 38Â°C. Is that corona virus symptoms?,-,-
1186,What is corona virus and COVID19,-,-
1191,WHat is your name,-,-
1195,How many death in Quebec?,-,-
1197,"What are the demographics of people infected, hospitalized and deceased in Quebec, ",-,-
1198,-,-,What are the symptoms of COVID-19?
1199,When will the pandemic end? ,-,-
1200,What to do when i gave cough,-,-
1202,-,How are you?,-
1203,Should I use asprin with I have the coronavirus?,-,-
1205,What the different between corona and COVID_19?,-,-
1206,Number of cases in Inida,-,-
1207,How did this virus transmit?,-,-
1208,Where do we get the test for COVID-19?,-,-
1209,how long does COVID-19 virus lasts in the body?,-,-
1211,Is it ok to go outside to get fresh air?,-,-
1215,"If you contract COVID-19, how do you treat yourself at home?",-,-
1217,What's happen for country near the Ecuador with a lot of hot? ,-,-
1219,List of Canadian hospitals treating (not testing) patients with COVID-19?,-,-
1220,How many cases are in spain ?,-,-
1221,What is the meaning of COVID-19?,-,-
1223,how many people die for cover?,-,-
1226,-,-,What are the symptoms of Covid-19?
1228,How long will it take for a vaccine to be produced?,-,-
1240,What is COVID 19,-,-
1242,how to prepare for spread of covid 19?,-,-
1244,"On a recent study published in ""Nature"" ,it says that the severity of symptoms of COVID-19 infection depends on how much is your Angiotensin converting enzyme 2 gene is expressed ,my question is ,on what factors does the rate of ACE2 gene expression depends? I",-,-
1247,how many death now,-,-
1248,"im sneezing, should i be worried?",-,-
1251,Symptom,-,-
1254,Do the symptoms start suddenly or they progress slowly from one day to another? ,-,-
1258,what is self isolation?,-,-
1260,Do I need to be seen by a doctor,-,-
1261,-,About COVID-19,-
1262,If I inhale a high concentration of soap bubbles would that kill the virus on contact in my lungs?,-,-
1263,Can I fo,-,-
1264,"What measures can I take, if someone I know is effected with the virus",-,-
1265,"I was in contact with a person who had coronavirus, what should I do? ",-,-
1266,What is your name,-,-
1267,How long will social distancing measures last?,-,-
1268,"If I catch the virus, will I be immune from getting it again?   ",-,-
1272,What are you symtoms of covid? ,-,-
1273,-,What is COVID-19?,-
1274,How long can the virus live?,-,-
1277,what is my level of risk?,-,-
1281,What will be th impact on international students?,-,-
1284,Can I go out after recovery even if I am still in quarantine time?,-,-
1287,What is corona virus?,-,-
1290,-,what is covid-19,-
1293,how long people live after being infected by coronavirus,-,-
1294,Get I get infected from a dog?,-,-
1299,Corona virus characteristics,-,-
1300,what treatments are available for covid-19?,-,-
1301,How many cases in Canada now ? ,-,-
1303,Should he self isolate when he gets here even if he feels well?,-,-
1305,Is there more than one strain of COVID-19?,-,-
1306,Were can I get tested? ,-,-
1307,is there a new form of corona virus?,-,-
1309,How long has the virus been spreading in Canada?,-,-
1312,Would using heated-vapor humidifier help with sanitizing the sinuses of the covid-19?,-,-
1319,Shall we stay where we are or travel to our home country?,-,-
1321,What colour is covid 19?,-,-
1322,"Why does the government think that we don't need to wear face masks when clearly citizens from countries that are able to contain the virus are all wearing face masks, regardless if they are sick or not",-,-
1323,How long does COVID-19 live on glass surfaces?,-,-
1326,I have shortness of breath but no fever,-,-
1327,What is the situation right now in the world?,-,-
1330,Define covid 18,-,-
1331,How long does it takes to get first symptom of Covid-19 ,-,-
1333,What's the current count in India,-,-
1334,Why didn't you answer my first question?,-,-
1336,"What is the difference between a pandemic & epidemic? Why did WHO declare this a pandemic? What is the difference between social distancing, self-isolating and quarantine? To what extent is social distancing helpful? Why should I do this? When should you self-isolate? Will the virus be less effective when we get warmer weather?  When should I go to the hospital? Should I get tested if I was in contact with someone who has or is suspected of having covid19 (but do not have any symptoms)? Should I stop taking medications that suppress my immune system?  When someone in the household is coming and going (for work), how can we keep the home a safe place? Can the virus be transmitted through Air Conditioning? (from outside or from within the home) How long does the virus last on inanimate objects (plastic, glass, cardboard, metal)? What have we learned from countries like China, South Korea and Singapore that have been dealing with this for a longer period of time and have slowed the spread?",-,-
1341,What should I do if I start coughing?,-,-
1343,"Iâ€™ve have mild cough and not the continuous one. And symptoms of fever like burning eyes, but not the temperature. What do I do?",-,-
1345,-,-,what is the symptoms?
1346,-,-,symptoms of covid-19
1349,Infomation about covid,-,-
1351,How long will the pandemic last?,-,-
1353,Do I have covid?,-,-
1357,Does soap really kill the virus?,-,-
1363,Can antibiotics deal with viral infection?,-,-
1366,My son is flying from Kansas to England on the 30th April. He is flying into Heathrow and then travelling home to Manchester by train,-,-
1368,-,-,what are covid-19 symptoms?
1374,What do I have to expect after the disease?,-,-
1377,What is an Asymptomatic Carrier?,-,-
1378,what are covid symptoms,-,-
1380,"I have a fever, what should I do now?",-,-
1385,"What are the daily death rates in Italy, that are Not from COVID19?",-,-
1387,What are the Symptom for covid19,-,-
1391,When should I go to the hospital ,-,-
1392,Is there any medication to take to help?,-,-
1394,I have a headache for the past 3 days should I be tested ? ,-,-
1395,hat should I do if my 2 year old child starts having a runny nose?,-,-
1397,Is it safe to go outside for a walk (social distancing from others)?,-,-
1400,Is it possible to be infected again?,-,-
1401,Which are its first symptoms?,-,-
1402,Can I get infected from food or grocery delivery?,-,-
1404,How many people died in NYC,-,-
1407,I was very sick with covid symptoms in late February and still coughing . Should I go get tested,-,-
1408,What should i do if i am short of breath?,-,-
1417,What is the main symptoms of the disease related to new coronavirus,-,-
1419,what are the symptoms of coronavirus,-,-
1421,"If my son if suppose to get tested tomorrow, but just starting to feel better. Can I cancel or should we still go?",-,-
1423,How do I know I have covid?,-,-
1424,can you please tell me symptoms of corona virus?,-,-
1434,When will the municipalities post heat maps to identify hot spots for Covid positive residents?,-,-
1436,Is sore throats a symptom ,-,-
1438,How many people died in Belgium?,-,-
1444,-,-,What are the symptoms?
1445,Is it possible to have Covid-19 if you only have one of the symptoms?,-,-
1449,Have there been any deceased children so far?,-,-
1450,How do I know if I have been infected?,-,-
1451,Should I use Sudafed?,-,-
1452,From the infected worldwide population what is the ratio that will need medical attention (eg. ICU or ventilators)?,-,-
1468,When this virus terminated?,-,-
1473,When will covid end? ,-,-
1478,How do I distinguish between the flu and coronavirus?,-,-
1483,Suffering from trout echiting,-,-
1487,What places of laval has covid-19,-,-
1489,how many new cases,-,-
1493,i have some headeche,-,-
1495,It would possible to predict the time of this pandemic?,-,-
1496,How many Canadians currently have corona virus?,-,-
1497,-,What is covid-19?,-
1498,Is there an estimate as to how long the crisis will last?,-,-
1500,What the size,-,-
1504,how many people have died,-,-
1506,Is the virus deadly?,-,-
1507,I have a lot of stress regarding COVID-19,-,-
1508,"If I'm in self-quarantine with mild symptoms of some sort of respiratory thing, when can I stop self-quarantining?",-,-
1510,-,What is COVID-19?,-
1511,I had a bronchitis last month and I'm still having trouble with my breathing a month later but I don't have a fever. Could it be corona virus?,-,-
1514,what are the symtoms,-,-
1520,-,-,What are the symptoms of COVID-19
1526,Is Covid19 an airborne? ,-,-
1528,"if i think i have it, should i got get tested",-,-
1529,-,-,What are the symptoms
1530,How long do you think we will have to be in a lockdown ,-,-
1534,-,what is covid-19,-
1539,Is it dangerous to go for a walk?,-,-
1540,is the liquor store open?,-,-
1541,What's a waiting time to get covid-19 results?,-,-
1542,Is there a treatment for corona virus?,-,-
1544,Mortality rate today,-,-
1546,Does washing clothes in the  washing machine prevent transmission ? ,-,-
1548,What are the confirmed symptoms of COVID19,-,-
1553,When will it stop spreading? Is 2 weeks enough? ,-,-
1555,-,How are you ,-
1556,How to take care of infected people ,-,-
1558,I have a bit of nausea and headache. Do i have covid-19?,-,-
1564,"If someone was infected once, can they be reinfected? Can they still carry the virus and infect others?",-,-
1565,Sorry I het enter before I was done.. am I just being paranoid and giving myself an ulcer.. my husband has pulmonary fibrosis so Iâ€™m really worried about him ,-,-
1566,What should I do if I have Coronavirus symptoms?,-,-
1572,How long does it take to recover?,-,-
1574,Is the virus airborne ,-,-
1577,"If this is really deep learning, how deep is your modelðŸ˜‚",-,-
1579,what should I do if I think I infected by corona virus?,-,-
1586,How long before we have a vaccine for corona? ,-,-
1587,How long does this virus incubate? ,-,-
1591,Why is called COVID-19,-,-
1592,Can I still see my friends?,-,-
1594,Does the amount of virus one is exposed to change the severity of the symptoms?,-,-
1597,"Does Pneumonia vaccine, which is for a bacterial infections, helps the immune system to deal with the viral infection of Covid-19 more easily? By removing the possibility of bacterial infection and just focusing on viral infection!",-,-
1607,what has caused it,-,-
1608,Covid19,-,-
1609,-,Covid-19,-
1613,Is it transmissible through anal sex ?,-,-
1614,Should I be moving house during a pandemic?,-,-
1615,when will germany reach the peak?,-,-
1620,Should I visit my parents in a seniors home?,-,-
1623,What is most usual symptom of Covid-19 ,-,-
1624,Impacts of it,-,-
1626,how can one fight the virus ,-,-
1637,What about the researches with respect to treatment of COVID-19,-,-
1639,where can I get tested,-,-
1641,How many will lose their jobs due to the chinese virus?,-,-
1642,What are the side-effects of hydroxychloroquine for treating COVID-19?,-,-
1644,Is ordering food from a restaurant discouraged?,-,-
1645,Can I still go out for grocery shopping even if I'm just getting back from vacations,-,-
1646,I'm feeling dizzy with fever do I have corona? ,-,-
1648,COVID-19 stands for what?,-,-
1649,What's the capital of Palestine?,-,-
1650,What is the total number of deaths ,-,-
1652,Can I get the virus from breathing infected airborn particules,-,-
1653,What are the symptoms of corona virus,-,-
1654,How covid-19 virus infected?,-,-
1655,How to know if I get COVID-19 or not?,-,-
1657,How do I know when to get tested?,-,-
1661,how many case positive with COVID-19 ?,-,-
1662,"Once you are cured from Covid-19, can you catch it again?",-,-
1667,"If I have covid-19, how long will I be contagious?",-,-
1668,How to prevent the spread of COVID-19?,-,-
1670,What should I buy from the stores now that I feel sick?,-,-
1673,how many people positive with Covid-19 in the world?,-,-
1674,When is the vaccine available ?,-,-
1676,When can I go to my cabin?,-,-
1681,What is the difference between a bacteria and a virus?,-,-
1686,how much fever should i tolerate before going to the doctor? ,-,-
1688,what is coronavirus,-,-
1691,is it made by human or by nature,-,-
1693,How does it take to recover from the virus?,-,-
1696,"If I was traveling abroad recently, what should I do when coming back home?",-,-
1702,How many cases of coronavirus in Madagascar,-,-
1703,"To get an idea of how widespread the virus is, why don't we simply test a random sample of people?",-,-
1704,What to do if I think I have covid 19?,-,-
1706,How deadly is the virus?,-,-
1707,How is it transmitted?,-,-
1708,What are the symptoms I should feel if I am infected with Corona virus?,-,-
1711,How many days does it take to see the symptoms,-,-
1716,How long is this expected to last?,-,-
1717,What is the situation now in my country?,-,-
1718,"My COVID-19 test results are pending, and my temperature reached 40C. What should I do?",-,-
1722,I have asthma. How at risk am I about the possibility of complications?,-,-
1725,My employer is not implementing social distancing or safety measures in my workplace. What recourse do I have?,-,-
1729,Can you see friends if you stick to the social distancing guidelines?,-,-
1735,How is the corona virus being spread,-,-
1736,What are covid-19 test centres location in Montreal?,-,-
1739,How much the quarantine process has a positive impact on reducing contamination spread?,-,-
1741,What should you do if you dont have water and soap and sanitizer?,-,-
1743,Why corona is so dangerous ,-,-
1746,how many people died so far?,-,-
1747,Does covid transfer through air?,-,-
1748,how i can test if i have the diease?,-,-
1753,What is corona,-,-
1756,"When having covid-19, What are the next possible symptoms for a 4 years old child",-,-
1760,Does Wearing gloves help?,-,-
1765,I am feeling itchy around my body. Is it a symptom of covid? ,-,-
1768,How long after testing do you receive your COVID-19 results? ,-,-
1773,is it dangerous to travel,-,-
1775,Can I move in with family if we have all been symptom free for 14 days?,-,-
1779,"should I call to find out more, itâ€™s the coughing and difficulty breathing and fatigue that worries me",-,-
1780,How contagious is the virus?,-,-
1787,what is this rainbow thing that people are talking about,-,-
1788,could we have done better?,-,-
1794,What is the death rate in South Carolina?,-,-
1796,I have a sore throat. Is that a sign of Covid19?,-,-
1798,Is it safe to take a walk outside with my child?,-,-
1800,What is the likelihood of having covid if only showing one symptoms for example dry cough,-,-
1801,What can we do to protect ourselves from COVID-19?,-,-
1802,Can you die from contracting covid?,-,-
1812,How to stay safe,-,-
1813,How dangerous is the COV-19?,-,-
1815,From the infected worldwide population what will be the ratio of asymptomatic people,-,-
1817,how painful will it be if I got the virus?,-,-
1819,Should I stay home?,-,-
1821,How can I protect myself ,-,-
1822,Does eating Oranges daily help to fight this virus,-,-
1823,If you start showing flu symptoms should you consult a doctor or stay home?,-,-
1825,-,Whatâ€™s COVID-19?,-
1831,should I worry about covid 19?,-,-
1832,-,-,What are the symptoms
1834,What is corona,-,-
1838,What are the top symptoms ,-,-
1845,How long do the symptoms of COVID-19 last for?,-,-
1846,Is there a vaccine for corona virus?,-,-
1847,Is the phlegm color suggestive of coronavirus? ,-,-
1848,how many people related covid-19,-,-
1849,How COVID-19 is infecting?,-,-
1852,"If I cross someone on the street, how are the chance to catch the virus ?",-,-
